Date,Actual Volatility,Predicted Volatility,Position,Market Returns,Strategy Returns,Directional Accuracy
2024-09-30 14:30:00+00:00,0.95241797,0.96102285,0.5,0.0019263029,0.0,1.0
2024-09-30 15:30:00+00:00,0.9376351,0.9724838,0.5,-0.015521407,-0.0077607035636901855,0.0
2024-09-30 16:30:00+00:00,0.89681476,0.9129667,-0.5,-0.04353547,-0.021767735481262207,1.0
2024-09-30 17:30:00+00:00,0.9011916,0.90637434,-0.5,0.0048804283,-0.002440214157104492,0.0
2024-09-30 18:30:00+00:00,0.8996731,0.90600944,-0.5,-0.0016849637,0.0008424818515777588,1.0
2024-09-30 19:30:00+00:00,0.88743585,0.90015024,-0.5,-0.013601899,0.006800949573516846,1.0
2024-10-01 13:30:00+00:00,0.9009236,0.9051713,0.5,0.015198588,-0.007599294185638428,1.0
2024-10-01 14:30:00+00:00,0.9072654,0.91246474,0.5,0.0070391893,0.003519594669342041,1.0
2024-10-01 15:30:00+00:00,0.903246,0.9153688,0.5,-0.004430294,-0.002215147018432617,0.0
2024-10-01 16:30:00+00:00,0.9005663,0.9015393,-0.5,-0.0029667616,-0.0014833807945251465,1.0
2024-10-01 17:30:00+00:00,0.9078908,0.9111258,0.5,0.008133292,-0.004066646099090576,1.0
2024-10-01 18:30:00+00:00,0.91441125,0.9190676,0.5,0.007182002,0.003591001033782959,1.0
2024-10-01 19:30:00+00:00,0.914322,0.9220366,0.5,-9.75728e-05,-4.8786401748657227e-05,0.0
2024-10-02 13:30:00+00:00,0.9130715,0.92120004,-0.5,-0.0013676882,-0.0006838440895080566,1.0
2024-10-02 14:30:00+00:00,0.91686773,0.92306757,0.5,0.0041576624,-0.002078831195831299,1.0
2024-10-02 15:30:00+00:00,0.8991372,0.9187593,-0.5,-0.019338131,-0.009669065475463867,1.0
2024-10-02 16:30:00+00:00,0.8952963,0.91272366,-0.5,-0.0042718053,0.0021359026432037354,1.0
2024-10-02 17:30:00+00:00,0.8959966,0.9027913,-0.5,0.00078225136,-0.0003911256790161133,0.0
2024-10-02 18:30:00+00:00,0.8977973,0.90578413,0.5,0.0020097494,-0.0010048747062683105,1.0
2024-10-02 19:30:00+00:00,0.88663197,0.89901453,-0.5,-0.01243633,-0.006218165159225464,1.0
2024-10-03 13:30:00+00:00,0.88658744,0.8927119,-0.5,-5.0246716e-05,2.512335777282715e-05,1.0
2024-10-03 14:30:00+00:00,0.88547087,0.89149904,-0.5,-0.0012593865,0.0006296932697296143,1.0
2024-10-03 15:30:00+00:00,0.9228076,0.90627134,0.5,0.042165995,-0.02108299732208252,1.0
2024-10-03 16:30:00+00:00,0.89243805,0.90638226,0.5,-0.03290993,-0.016454964876174927,0.0
2024-10-03 17:30:00+00:00,0.89279526,0.9001838,-0.5,0.0004003048,0.00020015239715576172,0.0
2024-10-03 18:30:00+00:00,0.8966103,0.90125555,0.5,0.004273176,-0.0021365880966186523,1.0
2024-10-03 19:30:00+00:00,0.89806527,0.9052054,0.5,0.0016226768,0.0008113384246826172,1.0
2024-10-04 13:30:00+00:00,0.8977973,0.9048054,-0.5,-0.00029838085,-0.00014919042587280273,1.0
2024-10-04 14:30:00+00:00,0.9067742,0.9112764,0.5,0.009998798,-0.004999399185180664,1.0
2024-10-04 15:30:00+00:00,0.8921701,0.919692,0.5,-0.016105592,-0.008052796125411987,0.0
2024-10-04 16:30:00+00:00,0.8998071,0.9092059,-0.5,0.008560061,0.004280030727386475,0.0
2024-10-04 17:30:00+00:00,0.897708,0.9060702,-0.5,-0.0023328066,0.0011664032936096191,1.0
2024-10-04 18:30:00+00:00,0.89029425,0.89997387,-0.5,-0.008258522,0.004129260778427124,1.0
2024-10-04 19:30:00+00:00,0.886097,0.8966734,-0.5,-0.0047144294,0.0023572146892547607,1.0
2024-10-07 13:30:00+00:00,0.88564944,0.8928126,-0.5,-0.00050508976,0.0002525448799133301,1.0
2024-10-07 14:30:00+00:00,0.8752344,0.88527733,-0.5,-0.011759758,0.005879878997802734,1.0
2024-10-07 15:30:00+00:00,0.89083016,0.8731853,-0.5,0.017818928,-0.008909463882446289,0.0
2024-10-07 16:30:00+00:00,0.89607877,0.9026049,0.5,0.0058918,-0.0029458999633789062,1.0
2024-10-07 17:30:00+00:00,0.90002406,0.90739805,0.5,0.004402876,0.0022014379501342773,1.0
2024-10-07 18:30:00+00:00,0.895475,0.9048768,-0.5,-0.0050544143,-0.002527207136154175,1.0
2024-10-07 19:30:00+00:00,0.8946711,0.901798,-0.5,-0.00089770555,0.0004488527774810791,1.0
2024-10-08 13:30:00+00:00,0.8962788,0.90279347,0.5,0.0017969608,-0.0008984804153442383,1.0
2024-10-08 14:30:00+00:00,0.8994052,0.90499395,0.5,0.003488183,0.001744091510772705,1.0
2024-10-08 15:30:00+00:00,0.9014595,0.9098934,0.5,0.00228405,0.0011420249938964844,1.0
2024-10-08 16:30:00+00:00,0.91575116,0.92137325,0.5,0.015853882,0.00792694091796875,1.0
2024-10-08 17:30:00+00:00,0.925666,0.93202597,0.5,0.010826945,0.005413472652435303,1.0
2024-10-08 18:30:00+00:00,0.9302214,0.9388416,0.5,0.004921198,0.0024605989456176758,1.0
2024-10-08 19:30:00+00:00,0.9312932,0.9398972,0.5,0.0011521578,0.0005760788917541504,1.0
2024-10-09 13:30:00+00:00,0.9382603,0.9424642,0.5,0.007481098,0.003740549087524414,1.0
2024-10-09 14:30:00+00:00,0.9333477,0.94228244,-0.5,-0.005235851,-0.0026179254055023193,1.0
2024-10-09 15:30:00+00:00,0.92182505,0.94400257,0.5,-0.012345493,0.006172746419906616,0.0
2024-10-09 16:30:00+00:00,0.9259018,0.9293821,-0.5,0.004422426,0.0022112131118774414,0.0
2024-10-09 17:30:00+00:00,0.92638046,0.9311236,0.5,0.0005170107,-0.00025850534439086914,1.0
2024-10-09 18:30:00+00:00,0.9302661,0.93711674,0.5,0.004194379,0.002097189426422119,1.0
2024-10-09 19:30:00+00:00,0.928167,0.935763,-0.5,-0.002256453,-0.0011282265186309814,1.0
2024-10-10 13:30:00+00:00,0.92664856,0.93361235,-0.5,-0.0016359687,0.0008179843425750732,1.0
2024-10-10 14:30:00+00:00,0.9314272,0.93535686,0.5,0.0051568747,-0.002578437328338623,1.0
2024-10-10 15:30:00+00:00,0.92642516,0.93876046,0.5,-0.0053702593,-0.0026851296424865723,0.0
2024-10-10 16:30:00+00:00,0.9304001,0.933243,-0.5,0.0042905807,0.0021452903747558594,0.0
2024-10-10 17:30:00+00:00,0.923523,0.9280226,-0.5,-0.0073915124,0.003695756196975708,1.0
2024-10-10 18:30:00+00:00,0.92227167,0.9259523,-0.5,-0.0013549924,0.0006774961948394775,1.0
2024-10-10 19:30:00+00:00,0.92222697,0.9254366,-0.5,-4.8458576e-05,2.422928810119629e-05,1.0
2024-10-11 13:30:00+00:00,0.925532,0.92612875,0.5,0.0035837889,-0.0017918944358825684,1.0
2024-10-11 14:30:00+00:00,0.92994183,0.9335575,0.5,0.004764676,0.002382338047027588,1.0
2024-10-11 15:30:00+00:00,0.9300427,0.92265093,-0.5,0.00010848045,5.424022674560547e-05,0.0
2024-10-11 16:30:00+00:00,0.9477732,0.9525836,0.5,0.019064188,-0.00953209400177002,1.0
2024-10-11 17:30:00+00:00,0.9387962,0.9440291,-0.5,-0.009471655,-0.004735827445983887,1.0
2024-10-11 18:30:00+00:00,0.94397694,0.94575053,0.5,0.0055184364,-0.002759218215942383,1.0
2024-10-11 19:30:00+00:00,0.94531685,0.94772935,0.5,0.001419425,0.0007097125053405762,1.0
2024-10-14 13:30:00+00:00,0.9459734,0.94829243,0.5,0.0006945133,0.0003472566604614258,1.0
2024-10-14 14:30:00+00:00,0.95255196,0.95334923,0.5,0.0069543123,0.003477156162261963,1.0
2024-10-14 15:30:00+00:00,0.9737213,0.9564577,0.5,0.02222383,0.011111915111541748,1.0
2024-10-14 16:30:00+00:00,0.9936403,0.9956174,0.5,0.020456553,0.010228276252746582,1.0
2024-10-14 17:30:00+00:00,0.99015665,0.9987503,0.5,-0.0035059452,-0.0017529726028442383,0.0
2024-10-14 18:30:00+00:00,0.98408276,0.99252534,-0.5,-0.0061342716,-0.0030671358108520508,1.0
2024-10-14 19:30:00+00:00,0.97706205,0.9834071,-0.5,-0.0071342587,0.003567129373550415,1.0
2024-10-15 13:30:00+00:00,0.97684765,0.97941506,-0.5,-0.0002194047,0.00010970234870910645,1.0
2024-10-15 14:30:00+00:00,0.9706844,0.97376966,-0.5,-0.0063093305,0.003154665231704712,1.0
2024-10-15 15:30:00+00:00,0.9561248,0.9778329,0.5,-0.01499933,0.007499665021896362,0.0
2024-10-15 16:30:00+00:00,0.94799656,0.95030195,-0.5,-0.008501232,-0.004250615835189819,1.0
2024-10-15 17:30:00+00:00,0.94683534,0.95190096,0.5,-0.001224935,0.0006124675273895264,0.0
2024-10-15 18:30:00+00:00,0.94473624,0.94867504,-0.5,-0.0022169352,-0.0011084675788879395,1.0
2024-10-15 19:30:00+00:00,0.949782,0.9530825,0.5,0.005340934,-0.002670466899871826,1.0
2024-10-16 13:30:00+00:00,0.95148015,0.9547689,0.5,0.0017879009,0.0008939504623413086,1.0
2024-10-16 14:30:00+00:00,0.9561248,0.95677924,0.5,0.004881501,0.0024407505989074707,1.0
2024-10-16 15:30:00+00:00,0.97238153,0.9593394,0.5,0.017002702,0.00850135087966919,1.0
2024-10-16 16:30:00+00:00,0.9633599,0.95702565,-0.5,-0.00927788,-0.004638940095901489,1.0
2024-10-16 17:30:00+00:00,0.96184146,0.9624277,0.5,-0.0015761852,0.0007880926132202148,0.0
2024-10-16 18:30:00+00:00,0.9616629,0.9643128,0.5,-0.00018566847,-9.28342342376709e-05,0.0
2024-10-16 19:30:00+00:00,0.96309197,0.96599495,0.5,0.001486063,0.0007430315017700195,1.0
2024-10-17 13:30:00+00:00,0.9557676,0.96015215,-0.5,-0.007605076,-0.0038025379180908203,1.0
2024-10-17 14:30:00+00:00,0.95733076,0.9613005,0.5,0.0016355515,-0.0008177757263183594,1.0
2024-10-17 15:30:00+00:00,0.99417627,0.96258783,0.5,0.038487792,0.019243896007537842,1.0
2024-10-17 16:30:00+00:00,0.98417205,0.9972944,0.5,-0.010062814,-0.005031406879425049,0.0
2024-10-17 17:30:00+00:00,0.98667306,0.99339396,-0.5,0.0025411844,0.001270592212677002,0.0
2024-10-17 18:30:00+00:00,0.98622656,0.99369663,0.5,-0.00045251846,0.0002262592315673828,0.0
2024-10-17 19:30:00+00:00,0.9884596,0.9933456,-0.5,0.0022642612,0.0011321306228637695,0.0
2024-10-18 13:30:00+00:00,0.9910052,0.994135,0.5,0.0025752783,-0.0012876391410827637,1.0
2024-10-18 14:30:00+00:00,0.98890615,0.99183995,-0.5,-0.0021181107,-0.0010590553283691406,1.0
2024-10-18 15:30:00+00:00,0.98140305,0.9890007,-0.5,-0.007587254,0.0037936270236968994,1.0
2024-10-18 16:30:00+00:00,0.9923004,0.99283653,0.5,0.0111038685,-0.005551934242248535,1.0
2024-10-18 17:30:00+00:00,0.98988867,0.9944929,0.5,-0.002430439,-0.001215219497680664,0.0
2024-10-18 18:30:00+00:00,0.9979278,1.0001243,0.5,0.008121252,0.004060626029968262,1.0
2024-10-18 19:30:00+00:00,0.9986424,1.0022932,0.5,0.0007160902,0.0003580451011657715,1.0
2024-10-21 13:30:00+00:00,0.9973025,1.0045059,0.5,-0.0013417602,-0.0006708800792694092,0.0
2024-10-21 14:30:00+00:00,0.9964539,1.0000128,-0.5,-0.0008509159,-0.0004254579544067383,1.0
2024-10-21 15:30:00+00:00,0.9758651,1.0019715,0.5,-0.02066201,0.010331004858016968,0.0
2024-10-21 16:30:00+00:00,0.976535,0.9709722,-0.5,0.0006864071,0.0003432035446166992,0.0
2024-10-21 17:30:00+00:00,0.9809627,0.98149157,0.5,0.004534006,-0.002267003059387207,1.0
2024-10-21 18:30:00+00:00,0.97908074,0.98374426,0.5,-0.0019184947,-0.000959247350692749,0.0
2024-10-21 19:30:00+00:00,0.98497605,0.98844314,0.5,0.006021261,0.0030106306076049805,1.0
2024-10-22 13:30:00+00:00,0.9892635,0.99247134,0.5,0.004352808,0.0021764039993286133,1.0
2024-10-22 14:30:00+00:00,0.9925684,0.99495935,0.5,0.0033407211,0.0016703605651855469,1.0
2024-10-22 15:30:00+00:00,0.98024195,0.9969817,0.5,-0.012418687,-0.006209343671798706,0.0
2024-10-22 16:30:00+00:00,0.98381484,0.9840055,-0.5,0.0036449432,0.0018224716186523438,0.0
2024-10-22 17:30:00+00:00,0.9728282,0.9772213,-0.5,-0.011167347,0.005583673715591431,1.0
2024-10-22 18:30:00+00:00,0.938707,0.94473124,-0.5,-0.035074234,0.01753711700439453,1.0
2024-10-22 19:30:00+00:00,0.9418333,0.93915296,-0.5,0.0033304691,-0.0016652345657348633,0.0
2024-10-23 13:30:00+00:00,0.92914957,0.93143547,-0.5,-0.013467073,0.006733536720275879,1.0
2024-10-23 14:30:00+00:00,0.9389749,0.9374574,0.5,0.010574579,-0.005287289619445801,1.0
2024-10-23 15:30:00+00:00,0.9409133,0.9469984,0.5,0.0020643473,0.0010321736335754395,1.0
2024-10-23 16:30:00+00:00,0.9403148,0.9419047,-0.5,-0.00063610077,-0.0003180503845214844,1.0
2024-10-23 17:30:00+00:00,0.9400469,0.9421529,0.5,-0.0002849102,0.0001424551010131836,0.0
2024-10-23 18:30:00+00:00,0.9373672,0.9404626,-0.5,-0.0028505921,-0.0014252960681915283,1.0
2024-10-23 19:30:00+00:00,0.94415563,0.9458654,0.5,0.0072419643,-0.0036209821701049805,1.0
2024-10-24 13:30:00+00:00,0.9454954,0.9486582,0.5,0.0014190674,0.00070953369140625,1.0
2024-10-24 14:30:00+00:00,0.94647795,0.94974303,0.5,0.0010391474,0.0005195736885070801,1.0
2024-10-24 15:30:00+00:00,0.9393323,0.95002127,0.5,-0.007549703,-0.0037748515605926514,0.0
2024-10-24 16:30:00+00:00,0.96059096,0.95904565,0.5,0.022631645,0.01131582260131836,1.0
2024-10-24 17:30:00+00:00,0.9615735,0.96703726,0.5,0.0010228157,0.0005114078521728516,1.0
2024-10-24 18:30:00+00:00,0.9660843,0.97386754,0.5,0.004691124,0.002345561981201172,1.0
2024-10-24 19:30:00+00:00,0.95800066,0.96367276,-0.5,-0.008367419,-0.004183709621429443,1.0
2024-10-25 13:30:00+00:00,0.9581515,0.9641322,0.5,0.00015747547,-7.873773574829102e-05,1.0
2024-10-25 14:30:00+00:00,0.95639277,0.958648,-0.5,-0.0018355846,-0.0009177923202514648,1.0
2024-10-25 15:30:00+00:00,0.971265,0.95675004,-0.5,0.015550375,-0.0077751874923706055,0.0
2024-10-25 16:30:00+00:00,0.9739893,0.9800484,0.5,0.0028048754,-0.001402437686920166,1.0
2024-10-25 17:30:00+00:00,0.9733641,0.9793297,-0.5,-0.0006418824,-0.0003209412097930908,1.0
2024-10-25 18:30:00+00:00,0.98015255,0.9836659,0.5,0.0069742203,-0.003487110137939453,1.0
2024-10-25 19:30:00+00:00,0.98117983,0.98388183,0.5,0.0010480881,0.0005240440368652344,1.0
2024-10-28 13:30:00+00:00,0.9765797,0.98017955,-0.5,-0.0046883225,-0.00234416127204895,1.0
2024-10-28 14:30:00+00:00,0.97702634,0.9796177,-0.5,0.00045728683,-0.00022864341735839844,0.0
2024-10-28 15:30:00+00:00,0.9701932,0.9761725,-0.5,-0.00699383,0.003496915102005005,1.0
2024-10-28 16:30:00+00:00,0.968898,0.9711315,-0.5,-0.0013350248,0.0006675124168395996,1.0
2024-10-28 17:30:00+00:00,0.9707737,0.9747211,0.5,0.0019359589,-0.0009679794311523438,1.0
2024-10-28 18:30:00+00:00,0.9693892,0.9728458,-0.5,-0.0014261603,-0.0007130801677703857,1.0
2024-10-28 19:30:00+00:00,0.976669,0.98028326,0.5,0.0075097084,-0.003754854202270508,1.0
2024-10-29 13:30:00+00:00,0.9772496,0.9798448,-0.5,0.0005944967,0.00029724836349487305,0.0
2024-10-29 14:30:00+00:00,0.9792147,0.9822279,0.5,0.0020108223,-0.001005411148071289,1.0
2024-10-29 15:30:00+00:00,0.9650571,0.979109,-0.5,-0.0144581795,-0.0072290897369384766,1.0
2024-10-29 16:30:00+00:00,0.9583302,0.95704573,-0.5,-0.0069704056,0.0034852027893066406,1.0
2024-10-29 17:30:00+00:00,0.9555889,0.9570744,0.5,-0.002860546,0.0014302730560302734,0.0
2024-10-29 18:30:00+00:00,0.95237327,0.9533762,-0.5,-0.0033650398,-0.0016825199127197266,1.0
2024-10-29 19:30:00+00:00,0.943843,0.94994134,-0.5,-0.00895685,0.004478424787521362,1.0
2024-10-30 13:30:00+00:00,0.9471935,0.9512286,0.5,0.0035498142,-0.001774907112121582,1.0
2024-10-30 14:30:00+00:00,0.94817513,0.9513819,0.5,0.0010364056,0.0005182027816772461,1.0
2024-10-30 15:30:00+00:00,0.9347768,0.94664896,-0.5,-0.014130652,-0.007065325975418091,1.0
2024-10-30 16:30:00+00:00,0.92780966,0.93121696,-0.5,-0.007453263,0.0037266314029693604,1.0
2024-10-30 17:30:00+00:00,0.91762686,0.9216433,-0.5,-0.010975122,0.005487561225891113,1.0
2024-10-30 18:30:00+00:00,0.91735893,0.91854715,-0.5,-0.00029200315,0.00014600157737731934,1.0
2024-10-30 19:30:00+00:00,0.92253965,0.92290145,0.5,0.005647421,-0.0028237104415893555,1.0
2024-10-31 13:30:00+00:00,0.91570646,0.92027926,-0.5,-0.00740695,-0.003703474998474121,1.0
2024-10-31 14:30:00+00:00,0.91780555,0.91904485,-0.5,0.0022922754,-0.0011461377143859863,0.0
2024-10-31 15:30:00+00:00,0.8651053,0.90842026,-0.5,-0.057419896,0.02870994806289673,1.0
2024-10-31 16:30:00+00:00,0.88886505,0.87959003,-0.5,0.027464628,-0.013732314109802246,0.0
2024-10-31 17:30:00+00:00,0.88109404,0.87920696,-0.5,-0.0087426305,0.004371315240859985,1.0
2024-10-31 18:30:00+00:00,0.8718938,0.8750975,-0.5,-0.01044178,0.005220890045166016,1.0
2024-10-31 19:30:00+00:00,0.88216764,0.88270134,0.5,0.011783361,-0.005891680717468262,1.0
2024-11-01 13:30:00+00:00,0.8723405,0.87719464,-0.5,-0.0111397505,-0.005569875240325928,1.0
2024-11-01 14:30:00+00:00,0.8732336,0.87666345,-0.5,0.0010237694,-0.0005118846893310547,0.0
2024-11-01 15:30:00+00:00,0.8613716,0.88002414,0.5,-0.013584018,0.006792008876800537,0.0
2024-11-01 16:30:00+00:00,0.8679637,0.8685392,-0.5,0.007652998,0.0038264989852905273,0.0
2024-11-01 17:30:00+00:00,0.8655591,0.8706548,0.5,-0.0027703643,0.0013851821422576904,0.0
2024-11-01 18:30:00+00:00,0.8622917,0.8664464,-0.5,-0.0037748814,-0.0018874406814575195,1.0
2024-11-01 19:30:00+00:00,0.8703754,0.87318385,0.5,0.0093746185,-0.004687309265136719,1.0
2024-11-04 14:30:00+00:00,0.8724298,0.87772644,0.5,0.002360344,0.0011801719665527344,1.0
2024-11-04 15:30:00+00:00,0.8746628,0.87893444,0.5,0.0025595427,0.0012797713279724121,1.0
2024-11-04 16:30:00+00:00,0.8683656,0.87622625,-0.5,-0.0071995854,-0.003599792718887329,1.0
2024-11-04 17:30:00+00:00,0.88198733,0.8833816,0.5,0.015686631,-0.007843315601348877,1.0
2024-11-04 18:30:00+00:00,0.87627053,0.88112146,-0.5,-0.006481707,-0.0032408535480499268,1.0
2024-11-04 19:30:00+00:00,0.8827018,0.8870549,0.5,0.0073393583,-0.0036696791648864746,1.0
2024-11-04 20:30:00+00:00,0.87582403,0.8792352,-0.5,-0.0077917576,-0.003895878791809082,1.0
2024-11-05 14:30:00+00:00,0.88216585,0.8858347,0.5,0.0072410107,-0.0036205053329467773,1.0
2024-11-05 15:30:00+00:00,0.881362,0.88440925,-0.5,-0.0009111762,-0.00045558810234069824,1.0
2024-11-05 16:30:00+00:00,0.86336803,0.88591295,0.5,-0.02041614,0.010208070278167725,0.0
2024-11-05 17:30:00+00:00,0.9028887,0.9021325,0.5,0.045775056,0.02288752794265747,1.0
2024-11-05 18:30:00+00:00,0.8952284,0.9014132,-0.5,-0.008484244,-0.004242122173309326,1.0
2024-11-05 19:30:00+00:00,0.89047295,0.89800787,-0.5,-0.005311966,0.0026559829711914062,1.0
2024-11-05 20:30:00+00:00,0.88971364,0.893615,-0.5,-0.00085270405,0.00042635202407836914,1.0
2024-11-06 14:30:00+00:00,0.88681066,0.89081794,-0.5,-0.0032628179,0.001631408929824829,1.0
2024-11-06 15:30:00+00:00,0.88502425,0.88879,-0.5,-0.0020143986,0.0010071992874145508,1.0
2024-11-06 16:30:00+00:00,0.89364386,0.8836204,-0.5,0.009739399,-0.004869699478149414,0.0
2024-11-06 17:30:00+00:00,0.9036926,0.904469,0.5,0.011244655,-0.0056223273277282715,1.0
2024-11-06 18:30:00+00:00,0.90860534,0.91322315,0.5,0.005436301,0.0027181506156921387,1.0
2024-11-06 19:30:00+00:00,0.91673374,0.919526,0.5,0.008946061,0.0044730305671691895,1.0
2024-11-06 20:30:00+00:00,0.91575116,0.9228321,0.5,-0.0010718107,-0.0005359053611755371,0.0
2024-11-07 14:30:00+00:00,0.91584045,0.92055416,-0.5,9.75132e-05,4.875659942626953e-05,0.0
2024-11-07 15:30:00+00:00,0.91963667,0.92328143,0.5,0.004145026,-0.0020725131034851074,1.0
2024-11-07 16:30:00+00:00,0.9161084,0.92505574,0.5,-0.0038365722,-0.0019182860851287842,0.0
2024-11-07 17:30:00+00:00,0.91914535,0.92314017,-0.5,0.003314972,0.0016574859619140625,0.0
2024-11-07 18:30:00+00:00,0.9120442,0.92001784,-0.5,-0.0077257752,0.0038628876209259033,1.0
2024-11-07 19:30:00+00:00,0.91369665,0.92053646,0.5,0.0018117428,-0.0009058713912963867,1.0
2024-11-07 20:30:00+00:00,0.9148579,0.92052364,-0.5,0.0012710094,0.0006355047225952148,0.0
2024-11-08 14:30:00+00:00,0.91959196,0.92445564,0.5,0.005174637,-0.0025873184204101562,1.0
2024-11-08 15:30:00+00:00,0.91887736,0.9249252,0.5,-0.00077706575,-0.0003885328769683838,0.0
2024-11-08 16:30:00+00:00,0.89748466,0.92525744,0.5,-0.023281336,-0.011640667915344238,0.0
2024-11-08 17:30:00+00:00,0.8774318,0.87990844,-0.5,-0.022343397,-0.011171698570251465,1.0
2024-11-08 18:30:00+00:00,0.8771638,0.8786617,-0.5,-0.0003054142,0.00015270709991455078,1.0
2024-11-08 19:30:00+00:00,0.8718938,0.8721744,-0.5,-0.006008029,0.003004014492034912,1.0
2024-11-08 20:30:00+00:00,0.87421536,0.8754887,0.5,0.0026626587,-0.001331329345703125,1.0
2024-11-11 14:30:00+00:00,0.87966484,0.8810123,0.5,0.006233573,0.003116786479949951,1.0
2024-11-11 15:30:00+00:00,0.88484555,0.8850844,0.5,0.0058894157,0.0029447078704833984,1.0
2024-11-11 16:30:00+00:00,0.89368856,0.8897786,0.5,0.009993792,0.004996895790100098,1.0
2024-11-11 17:30:00+00:00,0.8898923,0.8895494,-0.5,-0.004247904,-0.0021239519119262695,1.0
2024-11-11 18:30:00+00:00,0.89699244,0.8966904,0.5,0.007978678,-0.0039893388748168945,1.0
2024-11-11 19:30:00+00:00,0.88734657,0.88931334,-0.5,-0.010753572,-0.00537678599357605,1.0
2024-11-11 20:30:00+00:00,0.89208066,0.88951975,0.5,0.0053350925,-0.002667546272277832,1.0
2024-11-12 14:30:00+00:00,0.89368856,0.89078444,0.5,0.0018024445,0.0009012222290039062,1.0
2024-11-12 15:30:00+00:00,0.89333117,0.8931629,0.5,-0.00039988756,-0.00019994378089904785,0.0
2024-11-12 16:30:00+00:00,0.88761455,0.89029264,-0.5,-0.0063992143,-0.0031996071338653564,1.0
2024-11-12 17:30:00+00:00,0.88127273,0.8900608,-0.5,-0.007144809,0.003572404384613037,1.0
2024-11-12 18:30:00+00:00,0.8922138,0.89273465,0.5,0.012415051,-0.006207525730133057,1.0
2024-11-12 19:30:00+00:00,0.8972167,0.90045714,0.5,0.0056072474,0.002803623676300049,1.0
2024-11-12 20:30:00+00:00,0.9091413,0.90980434,0.5,0.013290644,0.006645321846008301,1.0
2024-11-13 14:30:00+00:00,0.9051218,0.90878814,-0.5,-0.0044211745,-0.0022105872631073,1.0
2024-11-13 15:30:00+00:00,0.9003877,0.90386283,-0.5,-0.005230367,0.0026151835918426514,1.0
2024-11-13 16:30:00+00:00,0.9031567,0.9001413,-0.5,0.0030753613,-0.0015376806259155273,0.0
2024-11-13 17:30:00+00:00,0.9109724,0.9123368,0.5,0.00865376,-0.004326879978179932,1.0
2024-11-13 18:30:00+00:00,0.9111064,0.91450775,0.5,0.00014710426,7.355213165283203e-05,1.0
2024-11-13 19:30:00+00:00,0.91494715,0.9219167,0.5,0.004215479,0.0021077394485473633,1.0
2024-11-13 20:30:00+00:00,0.9279891,0.93025696,0.5,0.014254332,0.007127165794372559,1.0
2024-11-14 14:30:00+00:00,0.92834556,0.934186,0.5,0.00038409233,0.0001920461654663086,1.0
2024-11-14 15:30:00+00:00,0.91517055,0.9240413,-0.5,-0.0141919255,-0.007095962762832642,1.0
2024-11-14 16:30:00+00:00,0.9052111,0.92894876,0.5,-0.010882616,0.00544130802154541,0.0
2024-11-14 17:30:00+00:00,0.89368856,0.9055238,-0.5,-0.012729108,-0.006364554166793823,1.0
2024-11-14 18:30:00+00:00,0.8990568,0.9033243,-0.5,0.006006837,-0.003003418445587158,0.0
2024-11-14 19:30:00+00:00,0.8958322,0.90292656,-0.5,-0.00358665,0.0017933249473571777,1.0
2024-11-14 20:30:00+00:00,0.89431375,0.9002732,-0.5,-0.0016949773,0.0008474886417388916,1.0
2024-11-15 14:30:00+00:00,0.89163405,0.9002847,0.5,-0.002996385,0.001498192548751831,0.0
2024-11-15 15:30:00+00:00,0.8952963,0.9027648,0.5,0.004107356,0.002053678035736084,1.0
2024-11-15 16:30:00+00:00,0.89877987,0.90377617,0.5,0.0038909912,0.00194549560546875,1.0
2024-11-15 17:30:00+00:00,0.92468345,0.92443454,0.5,0.028820872,0.014410436153411865,1.0
2024-11-15 18:30:00+00:00,0.93330383,0.9397124,0.5,0.009322524,0.004661262035369873,1.0
2024-11-15 19:30:00+00:00,0.9304446,0.93917394,-0.5,-0.0030635595,-0.0015317797660827637,1.0
2024-11-15 20:30:00+00:00,0.9323652,0.93691134,-0.5,0.0020641088,-0.0010320544242858887,0.0
2024-11-18 14:30:00+00:00,0.9311147,0.93668157,-0.5,-0.0013412237,0.0006706118583679199,1.0
2024-11-18 15:30:00+00:00,0.9242368,0.9328934,-0.5,-0.007386744,0.0036933720111846924,1.0
2024-11-18 16:30:00+00:00,0.92173576,0.92695665,-0.5,-0.0027060509,0.0013530254364013672,1.0
2024-11-18 17:30:00+00:00,0.9312932,0.93929017,0.5,0.010368943,-0.005184471607208252,1.0
2024-11-18 18:30:00+00:00,0.9357147,0.9397358,0.5,0.0047477484,0.0023738741874694824,1.0
2024-11-18 19:30:00+00:00,0.9403594,0.9459673,0.5,0.0049637556,0.0024818778038024902,1.0
2024-11-18 20:30:00+00:00,0.9376351,0.9437076,-0.5,-0.0028970838,-0.0014485418796539307,1.0
2024-11-19 14:30:00+00:00,0.936206,0.9431162,-0.5,-0.00152421,0.0007621049880981445,1.0
2024-11-19 15:30:00+00:00,0.92763096,0.934376,-0.5,-0.009159327,0.004579663276672363,1.0
2024-11-19 16:30:00+00:00,0.924728,0.93220615,-0.5,-0.0031294823,0.0015647411346435547,1.0
2024-11-19 17:30:00+00:00,0.910615,0.91365373,-0.5,-0.01526171,0.007630854845046997,1.0
2024-11-19 18:30:00+00:00,0.9076228,0.9101479,-0.5,-0.0032859445,0.0016429722309112549,1.0
2024-11-19 19:30:00+00:00,0.91351813,0.91613567,0.5,0.0064953566,-0.003247678279876709,1.0
2024-11-19 20:30:00+00:00,0.91298205,0.91679597,0.5,-0.0005868077,-0.00029340386390686035,0.0
2024-11-20 14:30:00+00:00,0.91316074,0.9181685,0.5,0.00019574165,9.78708267211914e-05,1.0
2024-11-20 15:30:00+00:00,0.9235222,0.9282347,0.5,0.011346817,0.005673408508300781,1.0
2024-11-20 16:30:00+00:00,0.9308466,0.93667364,0.5,0.007930994,0.003965497016906738,1.0
2024-11-20 17:30:00+00:00,0.9053897,0.91492116,-0.5,-0.027348042,-0.013674020767211914,1.0
2024-11-20 18:30:00+00:00,0.9304893,0.92709804,0.5,0.027722359,-0.01386117935180664,1.0
2024-11-20 19:30:00+00:00,0.9354914,0.9356123,0.5,0.005375743,0.0026878714561462402,1.0
2024-11-20 20:30:00+00:00,0.9403148,0.9438212,0.5,0.00515604,0.0025780200958251953,1.0
2024-11-21 14:30:00+00:00,0.9361167,0.9412564,-0.5,-0.0044646263,-0.0022323131561279297,1.0
2024-11-21 15:30:00+00:00,0.9351341,0.9400018,-0.5,-0.0010496378,0.0005248188972473145,1.0
2024-11-21 16:30:00+00:00,0.92432606,0.93304324,-0.5,-0.011557758,0.005778878927230835,1.0
2024-11-21 17:30:00+00:00,0.9352234,0.93958735,0.5,0.011789441,-0.005894720554351807,1.0
2024-11-21 18:30:00+00:00,0.93709826,0.941902,0.5,0.0020047426,0.0010023713111877441,1.0
2024-11-21 19:30:00+00:00,0.94152063,0.9449801,0.5,0.0047192574,0.002359628677368164,1.0
2024-11-21 20:30:00+00:00,0.9431284,0.9491977,0.5,0.0017076731,0.0008538365364074707,1.0
2024-11-22 14:30:00+00:00,0.9366973,0.9446934,-0.5,-0.0068188906,-0.003409445285797119,1.0
2024-11-22 15:30:00+00:00,0.9360273,0.9408387,-0.5,-0.00071531534,0.00035765767097473145,1.0
2024-11-22 16:30:00+00:00,0.95469576,0.94377375,0.5,0.01994431,-0.009972155094146729,1.0
2024-11-22 17:30:00+00:00,0.95934045,0.97030336,0.5,0.0048650503,0.002432525157928467,1.0
2024-11-22 18:30:00+00:00,0.9568841,0.96514285,-0.5,-0.0025604963,-0.0012802481651306152,1.0
2024-11-22 19:30:00+00:00,0.94344103,0.9532302,-0.5,-0.014048755,0.0070243775844573975,1.0
2024-11-22 20:30:00+00:00,0.94545084,0.9495216,-0.5,0.00213027,-0.0010651350021362305,0.0
2024-11-25 14:30:00+00:00,0.9475945,0.9524895,0.5,0.0022673607,-0.0011336803436279297,1.0
2024-11-25 15:30:00+00:00,0.9461323,0.9513686,-0.5,-0.0015431046,-0.0007715523242950439,1.0
2024-11-25 16:30:00+00:00,0.9726942,0.96779394,0.5,0.028074265,-0.014037132263183594,1.0
2024-11-25 17:30:00+00:00,0.9805992,0.98558193,0.5,0.008126974,0.0040634870529174805,1.0
2024-11-25 18:30:00+00:00,0.98667306,0.99234897,0.5,0.0061939955,0.0030969977378845215,1.0
2024-11-25 19:30:00+00:00,0.98167104,0.9879139,-0.5,-0.0050696135,-0.002534806728363037,1.0
2024-11-25 20:30:00+00:00,0.98193896,0.98727083,-0.5,0.00027287006,-0.00013643503189086914,0.0
2024-11-26 14:30:00+00:00,0.98564595,0.9900711,0.5,0.0037751198,-0.0018875598907470703,1.0
2024-11-26 15:30:00+00:00,0.98461866,0.9899302,-0.5,-0.0010422468,-0.0005211234092712402,1.0
2024-11-26 16:30:00+00:00,0.98153704,0.9922375,0.5,-0.0031297803,0.0015648901462554932,0.0
2024-11-26 17:30:00+00:00,0.98774505,0.99113005,-0.5,0.006324768,0.003162384033203125,0.0
2024-11-26 18:30:00+00:00,0.9829225,0.99035066,-0.5,-0.0048823953,0.002441197633743286,1.0
2024-11-26 19:30:00+00:00,0.98238564,0.99010724,-0.5,-0.00054615736,0.00027307868003845215,1.0
2024-11-26 20:30:00+00:00,0.98435074,0.98758906,-0.5,0.0020003319,-0.0010001659393310547,0.0
2024-11-27 14:30:00+00:00,0.98613715,0.9888387,0.5,0.0018148422,-0.0009074211120605469,1.0
2024-11-27 15:30:00+00:00,0.98488665,0.988866,0.5,-0.0012680888,-0.0006340444087982178,0.0
2024-11-27 16:30:00+00:00,0.98488665,0.9864485,-0.5,0.0,0.0,1.0
2024-11-27 17:30:00+00:00,0.98944217,0.98782414,0.5,0.0046254396,-0.0023127198219299316,1.0
2024-11-27 18:30:00+00:00,0.9986424,0.99785537,0.5,0.009298444,0.004649221897125244,1.0
2024-11-27 19:30:00+00:00,1.006592,1.0042497,0.5,0.007960439,0.00398021936416626,1.0
2024-11-27 20:30:00+00:00,1.0333887,1.0286387,0.5,0.026621222,0.013310611248016357,1.0
2024-11-29 14:30:00+00:00,1.0294335,1.0324064,0.5,-0.0038274527,-0.0019137263298034668,0.0
2024-11-29 15:30:00+00:00,1.0295478,1.0318668,-0.5,0.00011110306,5.555152893066406e-05,0.0
2024-11-29 16:30:00+00:00,1.0257963,1.0287241,-0.5,-0.0036438704,0.0018219351768493652,1.0
2024-12-02 14:30:00+00:00,1.0249925,1.0266272,-0.5,-0.00078362226,0.0003918111324310303,1.0
2024-12-02 15:30:00+00:00,1.0291013,1.0295686,0.5,0.004008651,-0.0020043253898620605,1.0
2024-12-02 16:30:00+00:00,1.0302625,1.0286614,-0.5,0.0011284351,0.0005642175674438477,0.0
2024-12-02 17:30:00+00:00,1.0352199,1.0361654,0.5,0.0048117638,-0.002405881881713867,1.0
2024-12-02 18:30:00+00:00,1.0428569,1.0423375,0.5,0.0073771477,0.0036885738372802734,1.0
2024-12-02 19:30:00+00:00,1.0422763,1.0439719,0.5,-0.0005568266,-0.0002784132957458496,0.0
2024-12-02 20:30:00+00:00,1.0436608,1.0441769,0.5,0.0013283491,0.0006641745567321777,1.0
2024-12-03 14:30:00+00:00,1.050226,1.0476866,0.5,0.006290555,0.003145277500152588,1.0
2024-12-03 15:30:00+00:00,1.0493774,1.049045,0.5,-0.00080794096,-0.00040397047996520996,0.0
2024-12-03 16:30:00+00:00,1.0567019,1.0538207,0.5,0.006979823,0.0034899115562438965,1.0
2024-12-03 17:30:00+00:00,1.0617039,1.0600914,0.5,0.0047335625,0.002366781234741211,1.0
2024-12-03 18:30:00+00:00,1.0569252,1.0604008,0.5,-0.004500985,-0.002250492572784424,0.0
2024-12-03 19:30:00+00:00,1.0491987,1.049533,-0.5,-0.0073102713,-0.0036551356315612793,1.0
2024-12-03 20:30:00+00:00,1.0509853,1.0502641,0.5,0.0017027855,-0.0008513927459716797,1.0
2024-12-04 14:30:00+00:00,1.0583097,1.0549526,0.5,0.006968975,0.003484487533569336,1.0
2024-12-04 15:30:00+00:00,1.0576397,1.056216,0.5,-0.00063306093,-0.0003165304660797119,0.0
2024-12-04 16:30:00+00:00,1.0671526,1.0589583,0.5,0.00899446,0.004497230052947998,1.0
2024-12-04 17:30:00+00:00,1.0571485,1.0591449,0.5,-0.0093746185,-0.004687309265136719,0.0
2024-12-04 18:30:00+00:00,1.0537095,1.051067,-0.5,-0.0032530427,-0.001626521348953247,1.0
2024-12-04 19:30:00+00:00,1.0609742,1.0564321,0.5,0.0068944693,-0.003447234630584717,1.0
2024-12-04 20:30:00+00:00,1.0567912,1.0542284,-0.5,-0.0039426684,-0.001971334218978882,1.0
2024-12-05 14:30:00+00:00,1.0603194,1.0570973,0.5,0.0033385754,-0.0016692876815795898,1.0
2024-12-05 15:30:00+00:00,1.0569252,1.0549377,-0.5,-0.003201127,-0.0016005635261535645,1.0
2024-12-05 16:30:00+00:00,1.0566125,1.053265,-0.5,-0.00029581785,0.00014790892601013184,1.0
2024-12-05 17:30:00+00:00,1.0617932,1.0557959,0.5,0.004903078,-0.0024515390396118164,1.0
2024-12-05 18:30:00+00:00,1.0629544,1.0613996,0.5,0.001093626,0.0005468130111694336,1.0
2024-12-05 19:30:00+00:00,1.0630437,1.0622897,0.5,8.404255e-05,4.202127456665039e-05,1.0
2024-12-05 20:30:00+00:00,1.0600961,1.0568835,-0.5,-0.0027727485,-0.0013863742351531982,1.0
2024-12-06 14:30:00+00:00,1.0592029,1.0541114,-0.5,-0.00084257126,0.00042128562927246094,1.0
2024-12-06 15:30:00+00:00,1.0582204,1.0549045,0.5,-0.0009276271,0.00046381354331970215,0.0
2024-12-06 16:30:00+00:00,1.0524143,1.0523299,-0.5,-0.005486667,-0.002743333578109741,1.0
2024-12-06 17:30:00+00:00,1.0709934,1.0648706,0.5,0.017653823,-0.008826911449432373,1.0
2024-12-06 18:30:00+00:00,1.0889026,1.0837766,0.5,0.016721964,0.008360981941223145,1.0
2024-12-06 19:30:00+00:00,1.0919396,1.088935,0.5,0.0027890205,0.001394510269165039,1.0
2024-12-06 20:30:00+00:00,1.0925201,1.0896845,0.5,0.00053167343,0.0002658367156982422,1.0
2024-12-09 14:30:00+00:00,1.085419,1.0807215,-0.5,-0.0064997077,-0.0032498538494110107,1.0
2024-12-09 15:30:00+00:00,1.0915376,1.0843924,0.5,0.0056370497,-0.0028185248374938965,1.0
2024-12-09 16:30:00+00:00,1.0930561,1.0843804,-0.5,0.0013911724,0.0006955862045288086,0.0
2024-12-09 17:30:00+00:00,1.0911356,1.0862397,0.5,-0.0017569661,0.0008784830570220947,0.0
2024-12-09 18:30:00+00:00,1.0816228,1.0779039,-0.5,-0.008718252,-0.004359126091003418,1.0
2024-12-09 19:30:00+00:00,1.0940386,1.084809,0.5,0.011478782,-0.005739390850067139,1.0
2024-12-09 20:30:00+00:00,1.0971203,1.0898533,0.5,0.0028167963,0.001408398151397705,1.0
2024-12-10 14:30:00+00:00,1.0973436,1.0918809,0.5,0.00020349026,0.0001017451286315918,1.0
2024-12-10 15:30:00+00:00,1.0999787,1.0945541,0.5,0.002401352,0.0012006759643554688,1.0
2024-12-10 16:30:00+00:00,1.1019437,1.0952821,0.5,0.0017864704,0.0008932352066040039,1.0
2024-12-10 17:30:00+00:00,1.115208,1.1052654,0.5,0.012037158,0.006018579006195068,1.0
2024-12-10 18:30:00+00:00,1.124051,1.1148161,0.5,0.007929444,0.003964722156524658,1.0
2024-12-10 19:30:00+00:00,1.117441,1.1111008,-0.5,-0.0058804154,-0.0029402077198028564,1.0
2024-12-10 20:30:00+00:00,1.112171,1.1054786,-0.5,-0.004716158,0.002358078956604004,1.0
2024-12-11 14:30:00+00:00,1.104937,1.0996909,-0.5,-0.006504476,0.0032522380352020264,1.0
2024-12-11 15:30:00+00:00,1.0947533,1.0871705,-0.5,-0.009216547,0.004608273506164551,1.0
2024-12-11 16:30:00+00:00,1.0930115,1.0790249,-0.5,-0.0015910268,0.000795513391494751,1.0
2024-12-11 17:30:00+00:00,1.1023457,1.0867001,0.5,0.008539915,-0.004269957542419434,1.0
2024-12-11 18:30:00+00:00,1.1067224,1.0960687,0.5,0.0039702654,0.0019851326942443848,1.0
2024-12-11 19:30:00+00:00,1.1032388,1.0928882,-0.5,-0.003147602,-0.001573801040649414,1.0
2024-12-11 20:30:00+00:00,1.1070797,1.094757,0.5,0.0034815073,-0.0017407536506652832,1.0
2024-12-12 14:30:00+00:00,1.102569,1.0925841,-0.5,-0.0040744543,-0.002037227153778076,1.0
2024-12-12 15:30:00+00:00,1.1002911,1.0889702,-0.5,-0.0020659566,0.0010329782962799072,1.0
2024-12-12 16:30:00+00:00,1.1013632,1.0893389,0.5,0.0009742975,-0.0004871487617492676,1.0
2024-12-12 17:30:00+00:00,1.0986835,1.083476,-0.5,-0.0024330616,-0.0012165307998657227,1.0
2024-12-12 18:30:00+00:00,1.0901084,1.0758797,-0.5,-0.0078048706,0.003902435302734375,1.0
2024-12-12 19:30:00+00:00,1.0887686,1.0745311,-0.5,-0.0012290478,0.0006145238876342773,1.0
2024-12-12 20:30:00+00:00,1.0950658,1.0798846,0.5,0.0057837963,-0.0028918981552124023,1.0
2024-12-13 14:30:00+00:00,1.1015863,1.0879132,0.5,0.005954504,0.0029772520065307617,1.0
2024-12-13 15:30:00+00:00,1.1026137,1.0915077,0.5,0.0009325743,0.00046628713607788086,1.0
2024-12-13 16:30:00+00:00,1.102435,1.0919603,0.5,-0.00016206503,-8.103251457214355e-05,0.0
2024-12-13 17:30:00+00:00,1.1116352,1.0943414,0.5,0.0083453655,0.004172682762145996,1.0
2024-12-13 18:30:00+00:00,1.1177092,1.1019583,0.5,0.005463958,0.0027319788932800293,1.0
2024-12-13 19:30:00+00:00,1.1208353,1.1079427,0.5,0.0027968884,0.0013984441757202148,1.0
2024-12-13 20:30:00+00:00,1.1300355,1.1148554,0.5,0.008208394,0.004104197025299072,1.0
2024-12-16 14:30:00+00:00,1.1275345,1.1156727,0.5,-0.0022132397,-0.0011066198348999023,0.0
2024-12-16 15:30:00+00:00,1.126552,1.11318,-0.5,-0.0008714199,-0.00043570995330810547,1.0
2024-12-16 16:30:00+00:00,1.1215053,1.1132486,0.5,-0.0044798255,0.002239912748336792,0.0
2024-12-16 17:30:00+00:00,1.1404417,1.1233331,0.5,0.016884804,0.008442401885986328,1.0
2024-12-16 18:30:00+00:00,1.142898,1.1302994,0.5,0.0021538734,0.0010769367218017578,1.0
2024-12-16 19:30:00+00:00,1.1493292,1.1334835,0.5,0.0056271553,0.002813577651977539,1.0
2024-12-16 20:30:00+00:00,1.1483467,1.1331719,-0.5,-0.0008548498,-0.00042742490768432617,1.0
2024-12-17 14:30:00+00:00,1.1488826,1.1339114,0.5,0.00046670437,-0.0002333521842956543,1.0
2024-12-17 15:30:00+00:00,1.1460243,1.1313299,-0.5,-0.0024878979,-0.0012439489364624023,1.0
2024-12-17 16:30:00+00:00,1.140129,1.1347228,0.5,-0.005144179,0.002572089433670044,0.0
2024-12-17 17:30:00+00:00,1.1477215,1.1290504,-0.5,0.0066593885,0.0033296942710876465,0.0
2024-12-17 18:30:00+00:00,1.1499866,1.1336234,0.5,0.0019735098,-0.0009867548942565918,1.0
2024-12-17 19:30:00+00:00,1.1527236,1.1360161,0.5,0.0023800135,0.0011900067329406738,1.0
2024-12-17 20:30:00+00:00,1.1533487,1.1355859,-0.5,0.00054228306,0.00027114152908325195,0.0
2024-12-18 14:30:00+00:00,1.1421745,1.1245227,-0.5,-0.009688497,0.004844248294830322,1.0
2024-12-18 15:30:00+00:00,1.1195848,1.1021388,-0.5,-0.019777775,0.009888887405395508,1.0
2024-12-18 16:30:00+00:00,1.0976115,1.0820844,-0.5,-0.01962626,0.009813129901885986,1.0
2024-12-18 17:30:00+00:00,1.1193169,1.0874547,0.5,0.019775152,-0.00988757610321045,1.0
2024-12-18 18:30:00+00:00,1.129589,1.1024737,0.5,0.009177089,0.0045885443687438965,1.0
2024-12-18 19:30:00+00:00,1.1255695,1.104257,0.5,-0.0035583973,-0.0017791986465454102,0.0
2024-12-18 20:30:00+00:00,1.1275792,1.1036862,-0.5,0.0017855167,0.0008927583694458008,0.0
2024-12-19 14:30:00+00:00,1.1248548,1.1030427,-0.5,-0.0024161339,0.0012080669403076172,1.0
2024-12-19 15:30:00+00:00,1.1232471,1.1003442,-0.5,-0.0014292002,0.0007146000862121582,1.0
2024-12-19 16:30:00+00:00,1.1035068,1.0955029,-0.5,-0.01757437,0.008787184953689575,1.0
2024-12-19 17:30:00+00:00,1.1166372,1.0819783,-0.5,0.011898875,-0.005949437618255615,0.0
2024-12-19 18:30:00+00:00,1.1379852,1.1080366,0.5,0.01911807,-0.009559035301208496,1.0
2024-12-19 19:30:00+00:00,1.1536614,1.1256641,0.5,0.013775349,0.006887674331665039,1.0
2024-12-19 20:30:00+00:00,1.1462923,1.1254461,-0.5,-0.0063875318,-0.003193765878677368,1.0
2024-12-20 14:30:00+00:00,1.1527236,1.1283801,0.5,0.005610466,-0.0028052330017089844,1.0
2024-12-20 15:30:00+00:00,1.1515623,1.1330396,0.5,-0.0010073781,-0.0005036890506744385,0.0
2024-12-20 16:30:00+00:00,1.1679976,1.1412426,0.5,0.014272094,0.007136046886444092,1.0
2024-12-20 17:30:00+00:00,1.1564751,1.1366063,-0.5,-0.009865224,-0.004932612180709839,1.0
2024-12-20 18:30:00+00:00,1.1635234,1.1388581,0.5,0.006094694,-0.003047347068786621,1.0
2024-12-20 19:30:00+00:00,1.1598692,1.1395506,0.5,-0.003140688,-0.0015703439712524414,0.0
2024-12-20 20:30:00+00:00,1.1553138,1.134421,-0.5,-0.0039274693,-0.0019637346267700195,1.0
2024-12-23 14:30:00+00:00,1.1587081,1.1355785,0.5,0.002937913,-0.001468956470489502,1.0
2024-12-23 15:30:00+00:00,1.1590654,1.1344789,-0.5,0.00030839443,0.00015419721603393555,0.0
2024-12-23 16:30:00+00:00,1.1726424,1.1430566,0.5,0.011713743,-0.005856871604919434,1.0
2024-12-23 17:30:00+00:00,1.1838522,1.1590976,0.5,0.009559512,0.00477975606918335,1.0
2024-12-23 18:30:00+00:00,1.1852367,1.163037,0.5,0.0011694431,0.000584721565246582,1.0
2024-12-23 19:30:00+00:00,1.2005029,1.1615947,-0.5,0.012880325,0.006440162658691406,0.0
2024-12-23 20:30:00+00:00,1.1950176,1.1756169,0.5,-0.004569173,0.0022845864295959473,0.0
2024-12-24 14:30:00+00:00,1.1997072,1.1754469,-0.5,0.0039242506,0.001962125301361084,0.0
2024-12-24 15:30:00+00:00,1.2005825,1.1761456,0.5,0.00072968006,-0.000364840030670166,1.0
2024-12-24 16:30:00+00:00,1.1989925,1.1740091,-0.5,-0.0013243556,-0.0006621778011322021,1.0
2024-12-26 14:30:00+00:00,1.1972059,1.1735526,-0.5,-0.0014900565,0.0007450282573699951,1.0
2024-12-26 15:30:00+00:00,1.2017614,1.1750691,0.5,0.0038050413,-0.0019025206565856934,1.0
2024-12-26 16:30:00+00:00,1.1908641,1.1769365,0.5,-0.009067774,-0.004533886909484863,0.0
2024-12-26 17:30:00+00:00,1.1646034,1.142683,-0.5,-0.022051811,-0.01102590560913086,1.0
2024-12-26 18:30:00+00:00,1.1626383,1.1323018,-0.5,-0.0016872883,0.0008436441421508789,1.0
2024-12-26 19:30:00+00:00,1.1530807,1.1223191,-0.5,-0.008220613,0.00411030650138855,1.0
2024-12-26 20:30:00+00:00,1.1644248,1.1288992,0.5,0.009838104,-0.0049190521240234375,1.0
2024-12-27 14:30:00+00:00,1.1652286,1.1307,0.5,0.000690341,0.0003451704978942871,1.0
2024-12-27 15:30:00+00:00,1.1664791,1.133968,0.5,0.0010732412,0.0005366206169128418,1.0
2024-12-27 16:30:00+00:00,1.1445951,1.1361115,0.5,-0.018760681,-0.009380340576171875,0.0
2024-12-27 17:30:00+00:00,1.1284814,1.0996383,-0.5,-0.01407814,-0.007039070129394531,1.0
2024-12-27 18:30:00+00:00,1.1371814,1.1009547,0.5,0.007709503,-0.0038547515869140625,1.0
2024-12-27 19:30:00+00:00,1.1476321,1.1095239,0.5,0.009189963,0.004594981670379639,1.0
2024-12-27 20:30:00+00:00,1.1453543,1.1122652,0.5,-0.0019848347,-0.000992417335510254,0.0
2024-12-30 14:30:00+00:00,1.1464708,1.1126117,0.5,0.00097477436,0.00048738718032836914,1.0
2024-12-30 15:30:00+00:00,1.1446844,1.1109058,-0.5,-0.001558125,-0.0007790625095367432,1.0
2024-12-30 16:30:00+00:00,1.1440592,1.1071936,-0.5,-0.00054621696,0.00027310848236083984,1.0
2024-12-30 17:30:00+00:00,1.1353949,1.1072453,0.5,-0.007573247,0.003786623477935791,0.0
2024-12-30 18:30:00+00:00,1.1308395,1.101578,-0.5,-0.004012227,-0.0020061135292053223,1.0
2024-12-30 19:30:00+00:00,1.126552,1.0985161,-0.5,-0.0037913918,0.0018956959247589111,1.0
2024-12-30 20:30:00+00:00,1.1175305,1.086435,-0.5,-0.008008063,0.004004031419754028,1.0
2024-12-31 14:30:00+00:00,1.1182003,1.0867282,0.5,0.0005993843,-0.00029969215393066406,1.0
2024-12-31 15:30:00+00:00,1.1271774,1.0931643,0.5,0.00802815,0.004014074802398682,1.0
2024-12-31 16:30:00+00:00,1.1107419,1.0911049,-0.5,-0.014581144,-0.007290571928024292,1.0
2024-12-31 17:30:00+00:00,1.0812656,1.0615233,-0.5,-0.026537478,0.013268738985061646,1.0
2024-12-31 18:30:00+00:00,1.0748334,1.0427339,-0.5,-0.0059487224,0.0029743611812591553,1.0
2024-12-31 19:30:00+00:00,1.061436,1.0322816,-0.5,-0.012464583,0.0062322914600372314,1.0
2024-12-31 20:30:00+00:00,1.0548261,1.0244409,-0.5,-0.0062273145,0.003113657236099243,1.0
2025-01-02 14:30:00+00:00,1.053129,1.0215381,-0.5,-0.0016089678,0.0008044838905334473,1.0
2025-01-02 15:30:00+00:00,1.0600069,1.0278391,0.5,0.006530881,-0.0032654404640197754,1.0
2025-01-02 16:30:00+00:00,1.0567037,1.0344796,0.5,-0.0031161904,-0.0015580952167510986,0.0
2025-01-02 17:30:00+00:00,1.052861,1.0270864,-0.5,-0.0036364794,-0.001818239688873291,1.0
2025-01-02 18:30:00+00:00,1.0620612,1.0326669,0.5,0.008738279,-0.004369139671325684,1.0
2025-01-02 19:30:00+00:00,1.0558087,1.0322429,-0.5,-0.0058871508,-0.002943575382232666,1.0
2025-01-02 20:30:00+00:00,1.0577737,1.0330645,0.5,0.0018612146,-0.0009306073188781738,1.0
2025-01-03 14:30:00+00:00,1.0547369,1.0317184,-0.5,-0.002870977,-0.0014354884624481201,1.0
2025-01-03 15:30:00+00:00,1.0563445,1.0314186,-0.5,0.00152421,-0.0007621049880981445,0.0
2025-01-03 16:30:00+00:00,1.0696536,1.0355096,0.5,0.01259923,-0.006299614906311035,1.0
2025-01-03 17:30:00+00:00,1.0804616,1.0559903,0.5,0.010104179,0.005052089691162109,1.0
2025-01-03 18:30:00+00:00,1.0913143,1.0674638,0.5,0.0100444555,0.005022227764129639,1.0
2025-01-03 19:30:00+00:00,1.0824267,1.065428,-0.5,-0.008143961,-0.004071980714797974,1.0
2025-01-03 20:30:00+00:00,1.0759062,1.0567944,-0.5,-0.006024003,0.0030120015144348145,1.0
2025-01-06 14:30:00+00:00,1.0754596,1.0540093,-0.5,-0.00041502714,0.00020751357078552246,1.0
2025-01-06 15:30:00+00:00,1.0748343,1.0520821,-0.5,-0.0005813837,0.0002906918525695801,1.0
2025-01-06 16:30:00+00:00,1.057595,1.0538014,0.5,-0.016039073,0.00801953673362732,0.0
2025-01-06 17:30:00+00:00,1.0768888,1.0586146,0.5,0.018243074,0.009121537208557129,1.0
2025-01-06 18:30:00+00:00,1.0643836,1.0474658,-0.5,-0.011612296,-0.005806148052215576,1.0
2025-01-06 19:30:00+00:00,1.0524143,1.0396177,-0.5,-0.01124531,0.005622655153274536,1.0
2025-01-06 20:30:00+00:00,1.0591135,1.0374547,-0.5,0.0063655376,-0.0031827688217163086,0.0
2025-01-07 14:30:00+00:00,1.052861,1.0354875,-0.5,-0.005903542,0.0029517710208892822,1.0
2025-01-07 15:30:00+00:00,1.0490202,1.0313903,-0.5,-0.003647983,0.0018239915370941162,1.0
2025-01-07 16:30:00+00:00,1.0485736,1.0304891,-0.5,-0.00042569637,0.00021284818649291992,1.0
2025-01-07 17:30:00+00:00,1.0523251,1.0259866,-0.5,0.0035777092,-0.0017888545989990234,0.0
2025-01-07 18:30:00+00:00,1.0553273,1.0329667,0.5,0.0028529167,-0.0014264583587646484,1.0
2025-01-07 19:30:00+00:00,1.0431249,1.029867,-0.5,-0.011562645,-0.005781322717666626,1.0
2025-01-07 20:30:00+00:00,1.0519679,1.0330056,0.5,0.00847733,-0.0042386651039123535,1.0
2025-01-08 14:30:00+00:00,1.055094,1.0351325,0.5,0.0029717684,0.0014858841896057129,1.0
2025-01-08 15:30:00+00:00,1.0522358,1.03448,-0.5,-0.002708912,-0.0013544559478759766,1.0
2025-01-08 16:30:00+00:00,1.0306643,1.035643,0.5,-0.02050066,0.010250329971313477,0.0
2025-01-08 17:30:00+00:00,1.0079693,0.9962799,-0.5,-0.022019863,-0.011009931564331055,1.0
2025-01-08 18:30:00+00:00,0.9753292,0.97133034,-0.5,-0.03238195,0.01619097590446472,1.0
2025-01-08 19:30:00+00:00,0.9911392,0.9710411,-0.5,0.01620984,-0.008104920387268066,0.0
2025-01-08 20:30:00+00:00,1.0052521,0.98410064,0.5,0.014239073,-0.007119536399841309,1.0
2025-01-10 14:30:00+00:00,1.0027511,0.98878163,0.5,-0.0024879575,-0.00124397873878479,0.0
2025-01-10 15:30:00+00:00,0.9952034,0.98320806,-0.5,-0.0075270534,-0.003763526678085327,1.0
2025-01-10 16:30:00+00:00,0.9729175,0.9854981,0.5,-0.022393286,0.011196643114089966,0.0
2025-01-10 17:30:00+00:00,0.9450489,0.94286203,-0.5,-0.028644323,-0.014322161674499512,1.0
2025-01-10 18:30:00+00:00,0.9481975,0.9362771,-0.5,0.0033316612,-0.0016658306121826172,0.0
2025-01-10 19:30:00+00:00,0.9621094,0.9455676,0.5,0.014671922,-0.007335960865020752,1.0
2025-01-10 20:30:00+00:00,0.9718456,0.95538676,0.5,0.010119677,0.00505983829498291,1.0
2025-01-13 14:30:00+00:00,0.9733641,0.9607864,0.5,0.0015624762,0.0007812380790710449,1.0
2025-01-13 15:30:00+00:00,0.9746146,0.9627291,0.5,0.0012847185,0.0006423592567443848,1.0
2025-01-13 16:30:00+00:00,0.98408276,0.966336,0.5,0.009714723,0.004857361316680908,1.0
2025-01-13 17:30:00+00:00,0.9916752,0.9787922,0.5,0.007715225,0.0038576126098632812,1.0
2025-01-13 18:30:00+00:00,0.97908074,0.97615623,-0.5,-0.0127002,-0.006350100040435791,1.0
2025-01-13 19:30:00+00:00,0.9712203,0.9626177,-0.5,-0.008028388,0.004014194011688232,1.0
2025-01-13 20:30:00+00:00,0.9777408,0.9624659,-0.5,0.006713748,-0.0033568739891052246,0.0
2025-01-14 14:30:00+00:00,0.97961664,0.96823967,0.5,0.0019185543,-0.0009592771530151367,1.0
2025-01-14 15:30:00+00:00,0.9709524,0.9633392,-0.5,-0.008844554,-0.004422277212142944,1.0
2025-01-14 16:30:00+00:00,0.98310024,0.959466,-0.5,0.012511253,-0.006255626678466797,0.0
2025-01-14 17:30:00+00:00,1.0127553,1.0014719,0.5,0.030164838,-0.01508241891860962,1.0
2025-01-14 18:30:00+00:00,1.0077531,1.0025761,0.5,-0.004939139,-0.002469569444656372,0.0
2025-01-14 19:30:00+00:00,1.0052075,0.9980565,-0.5,-0.0025259852,-0.0012629926204681396,1.0
2025-01-14 20:30:00+00:00,1.0088251,0.99855316,0.5,0.0035988092,-0.0017994046211242676,1.0
2025-01-15 14:30:00+00:00,1.009361,1.0004437,0.5,0.0005313158,0.000265657901763916,1.0
2025-01-15 15:30:00+00:00,1.0097183,1.0025254,0.5,0.00035393238,0.00017696619033813477,1.0
2025-01-15 16:30:00+00:00,1.0085572,1.0036753,0.5,-0.0011499524,-0.0005749762058258057,0.0
2025-01-15 17:30:00+00:00,0.9666828,0.96919644,-0.5,-0.041519105,-0.020759552717208862,1.0
2025-01-15 18:30:00+00:00,0.9470095,0.9468107,-0.5,-0.02035135,0.0101756751537323,1.0
2025-01-15 19:30:00+00:00,0.94987226,0.94199437,-0.5,0.0030229092,-0.0015114545822143555,0.0
2025-01-15 20:30:00+00:00,0.9343748,0.93429714,-0.5,-0.016315281,0.0081576406955719,1.0
2025-01-16 14:30:00+00:00,0.9342856,0.92983806,-0.5,-9.548664e-05,4.774332046508789e-05,1.0
2025-01-16 15:30:00+00:00,0.9328117,0.93039453,0.5,-0.0015775561,0.0007887780666351318,0.0
2025-01-16 16:30:00+00:00,0.95335585,0.92361766,-0.5,0.022023916,0.011011958122253418,0.0
2025-01-16 17:30:00+00:00,0.94522744,0.92696035,0.5,-0.008526087,0.004263043403625488,0.0
2025-01-16 18:30:00+00:00,0.95317715,0.94522536,0.5,0.008410335,0.004205167293548584,1.0
2025-01-16 19:30:00+00:00,0.94402164,0.9402515,-0.5,-0.009605229,-0.004802614450454712,1.0
2025-01-16 20:30:00+00:00,0.9408525,0.9371165,-0.5,-0.0033570528,0.0016785264015197754,1.0
2025-01-17 14:30:00+00:00,0.9343301,0.9301169,-0.5,-0.0069324374,0.0034662187099456787,1.0
2025-01-17 15:30:00+00:00,0.9366526,0.93121266,0.5,0.002485752,-0.0012428760528564453,1.0
2025-01-17 16:30:00+00:00,0.88806117,0.93497825,0.5,-0.051877737,-0.025938868522644043,0.0
2025-01-17 17:30:00+00:00,0.8681869,0.87498236,-0.5,-0.022379398,-0.011189699172973633,1.0
2025-01-17 18:30:00+00:00,0.85313606,0.8572701,-0.5,-0.017335951,0.008667975664138794,1.0
2025-01-17 19:30:00+00:00,0.85554785,0.8543144,-0.5,0.002826929,-0.0014134645462036133,0.0
2025-01-17 20:30:00+00:00,0.855947,0.8587346,0.5,0.00046658516,-0.0002332925796508789,1.0
2025-01-21 14:30:00+00:00,0.8666684,0.8650405,0.5,0.012525797,0.0062628984451293945,1.0
2025-01-21 15:30:00+00:00,0.8669811,0.86662793,0.5,0.00036084652,0.00018042325973510742,1.0
2025-01-21 16:30:00+00:00,0.8517963,0.87513876,0.5,-0.017514527,-0.008757263422012329,0.0
2025-01-21 17:30:00+00:00,0.8669364,0.8616605,-0.5,0.017774224,0.008887112140655518,0.0
2025-01-21 18:30:00+00:00,0.87785965,0.87423307,0.5,0.012599826,-0.006299912929534912,1.0
2025-01-21 19:30:00+00:00,0.8752434,0.876207,0.5,-0.0029802322,-0.0014901161193847656,0.0
2025-01-21 20:30:00+00:00,0.8713579,0.8748072,-0.5,-0.004439354,-0.002219676971435547,1.0
2025-01-22 14:30:00+00:00,0.8768959,0.8773705,0.5,0.006355524,-0.0031777620315551758,1.0
2025-01-22 15:30:00+00:00,0.88238925,0.88063294,0.5,0.0062645674,0.0031322836875915527,1.0
2025-01-22 16:30:00+00:00,0.8945817,0.8840575,0.5,0.013817549,0.006908774375915527,1.0
2025-01-22 17:30:00+00:00,0.905613,0.91011685,0.5,0.012331247,0.006165623664855957,1.0
2025-01-22 18:30:00+00:00,0.8984226,0.9048388,-0.5,-0.0079398155,-0.003969907760620117,1.0
2025-01-22 19:30:00+00:00,0.88417566,0.8895868,-0.5,-0.015857756,0.00792887806892395,1.0
2025-01-22 20:30:00+00:00,0.88413095,0.88590837,-0.5,-5.054474e-05,2.5272369384765625e-05,1.0
2025-01-23 14:30:00+00:00,0.8774318,0.8792237,-0.5,-0.0075771213,0.003788560628890991,1.0
2025-01-23 15:30:00+00:00,0.87792313,0.8806892,0.5,0.00055992603,-0.00027996301651000977,1.0
2025-01-23 16:30:00+00:00,0.8967702,0.8849356,0.5,0.021467805,0.01073390245437622,1.0
2025-01-23 17:30:00+00:00,0.8767619,0.8878913,0.5,-0.022311449,-0.01115572452545166,0.0
2025-01-23 18:30:00+00:00,0.87707454,0.8816459,-0.5,0.00035655499,0.00017827749252319336,0.0
2025-01-23 19:30:00+00:00,0.8726977,0.8801805,-0.5,-0.0049902797,0.0024951398372650146,1.0
2025-01-23 20:30:00+00:00,0.8714472,0.8788693,-0.5,-0.0014328957,0.0007164478302001953,1.0
2025-01-24 14:30:00+00:00,0.873323,0.8774439,-0.5,0.0021525621,-0.0010762810707092285,0.0
2025-01-24 15:30:00+00:00,0.8730104,0.8768691,-0.5,-0.0003579855,0.00017899274826049805,1.0
2025-01-24 16:30:00+00:00,0.88832915,0.88146824,0.5,0.017547011,-0.008773505687713623,1.0
2025-01-24 17:30:00+00:00,0.9175376,0.91564983,0.5,0.032880187,0.016440093517303467,1.0
2025-01-24 18:30:00+00:00,0.9279883,0.93423516,0.5,0.011389852,0.005694925785064697,1.0
2025-01-24 19:30:00+00:00,0.9424585,0.94789124,0.5,0.015593052,0.007796525955200195,1.0
2025-01-24 20:30:00+00:00,0.95326656,0.9560746,0.5,0.011467934,0.005733966827392578,1.0
2025-01-27 14:30:00+00:00,0.9597871,0.9646516,0.5,0.006840229,0.003420114517211914,1.0
2025-01-27 15:30:00+00:00,0.94790715,0.95533854,-0.5,-0.012377679,-0.006188839673995972,1.0
2025-01-27 16:30:00+00:00,0.94951504,0.9477598,-0.5,0.001696229,-0.0008481144905090332,0.0
2025-01-27 17:30:00+00:00,1.0099862,0.9968832,0.5,0.06368637,-0.03184318542480469,1.0
2025-01-27 18:30:00+00:00,1.0225807,1.0252438,0.5,0.012470007,0.006235003471374512,1.0
2025-01-27 19:30:00+00:00,1.0180253,1.0288525,0.5,-0.004454851,-0.0022274255752563477,0.0
2025-01-27 20:30:00+00:00,1.0199726,1.0254651,-0.5,0.0019128323,0.000956416130065918,0.0
2025-01-28 14:30:00+00:00,1.0204567,1.0248007,-0.5,0.00047457218,-0.00023728609085083008,0.0
2025-01-28 15:30:00+00:00,1.020973,1.0257343,0.5,0.0005059242,-0.0002529621124267578,1.0
2025-01-28 16:30:00+00:00,0.98631585,1.021543,-0.5,-0.033945203,-0.016972601413726807,1.0
2025-01-28 17:30:00+00:00,1.0024831,1.0048466,-0.5,0.016391635,-0.008195817470550537,0.0
2025-01-28 18:30:00+00:00,0.9999821,1.0054181,0.5,-0.002494812,0.001247406005859375,0.0
2025-01-28 19:30:00+00:00,1.0030191,1.0055379,0.5,0.0030369759,0.0015184879302978516,1.0
2025-01-28 20:30:00+00:00,1.0081998,1.0075797,0.5,0.0051651,0.002582550048828125,1.0
2025-01-29 14:30:00+00:00,0.9991783,1.0031424,-0.5,-0.008948147,-0.004474073648452759,1.0
2025-01-29 15:30:00+00:00,1.0225807,1.0174513,0.5,0.023421645,-0.011710822582244873,1.0
2025-01-29 16:30:00+00:00,1.0190524,1.0258951,0.5,-0.0034504533,-0.001725226640701294,0.0
2025-01-29 17:30:00+00:00,1.0172215,1.0142967,-0.5,-0.0017967224,-0.0008983612060546875,1.0
2025-01-29 18:30:00+00:00,1.0147597,1.0056819,-0.5,-0.0024201274,0.0012100636959075928,1.0
2025-01-29 19:30:00+00:00,1.0133805,1.0063319,0.5,-0.0013590455,0.0006795227527618408,0.0
2025-01-29 20:30:00+00:00,1.0170428,1.0086801,0.5,0.0036138296,0.0018069148063659668,1.0
2025-01-30 14:30:00+00:00,1.0242778,1.0158283,0.5,0.0071138144,0.0035569071769714355,1.0
2025-01-30 15:30:00+00:00,1.0272255,1.0193613,0.5,0.0028778315,0.001438915729522705,1.0
2025-01-30 16:30:00+00:00,1.0938599,1.0076712,-0.5,0.06486833,0.032434165477752686,0.0
2025-01-30 17:30:00+00:00,1.0390607,1.0498265,0.5,-0.050097108,0.025048553943634033,0.0
2025-01-30 18:30:00+00:00,1.0217768,1.0259186,-0.5,-0.016634166,-0.00831708312034607,1.0
2025-01-30 19:30:00+00:00,1.028744,1.0219607,-0.5,0.006818652,-0.0034093260765075684,0.0
2025-01-30 20:30:00+00:00,0.9990889,0.99955964,-0.5,-0.028826535,0.014413267374038696,1.0
2025-01-31 14:30:00+00:00,0.98770034,0.98431075,-0.5,-0.0113989115,0.005699455738067627,1.0
2025-01-31 15:30:00+00:00,0.98015255,0.9697882,-0.5,-0.0076417923,0.0038208961486816406,1.0
2025-01-31 16:30:00+00:00,0.9366526,0.97964215,0.5,-0.044380784,0.022190392017364502,0.0
2025-01-31 17:30:00+00:00,0.9350447,0.93544567,-0.5,-0.0017166138,-0.000858306884765625,1.0
2025-01-31 18:30:00+00:00,0.9095879,0.9169475,-0.5,-0.027225196,0.013612598180770874,1.0
2025-01-31 19:30:00+00:00,0.9091413,0.9087797,-0.5,-0.00049102306,0.000245511531829834,1.0
2025-01-31 20:30:00+00:00,0.91405404,0.91071755,0.5,0.005403757,-0.002701878547668457,1.0
2025-02-03 14:30:00+00:00,0.9280776,0.9215983,0.5,0.015342116,0.007671058177947998,1.0
2025-02-03 15:30:00+00:00,0.9288816,0.9274138,0.5,0.0008662939,0.00043314695358276367,1.0
2025-02-03 16:30:00+00:00,0.91664433,0.92606467,-0.5,-0.013174176,-0.006587088108062744,1.0
2025-02-03 17:30:00+00:00,0.9450489,0.93273795,0.5,0.03098762,-0.015493810176849365,1.0
2025-02-03 18:30:00+00:00,0.95112276,0.95176005,0.5,0.0064270496,0.00321352481842041,1.0
2025-02-03 19:30:00+00:00,0.9576433,0.9592438,0.5,0.006855607,0.0034278035163879395,1.0
2025-02-03 20:30:00+00:00,0.96153504,0.9654337,0.5,0.0040638447,0.0020319223403930664,1.0
2025-02-04 14:30:00+00:00,0.9607696,0.9655998,0.5,-0.00079607964,-0.0003980398178100586,0.0
2025-02-04 15:30:00+00:00,0.9621094,0.9686316,0.5,0.0013945103,0.0006972551345825195,1.0
2025-02-04 16:30:00+00:00,0.928167,0.9687933,0.5,-0.035279155,-0.017639577388763428,0.0
2025-02-04 17:30:00+00:00,0.9372778,0.9505549,-0.5,0.009815931,0.004907965660095215,0.0
2025-02-04 18:30:00+00:00,0.9424585,0.9499895,-0.5,0.005527377,-0.002763688564300537,0.0
2025-02-04 19:30:00+00:00,0.94772846,0.9538623,0.5,0.00559175,-0.002795875072479248,1.0
2025-02-04 20:30:00+00:00,0.9407613,0.94863737,-0.5,-0.0073513985,-0.003675699234008789,1.0
2025-02-05 14:30:00+00:00,0.94737124,0.9513927,0.5,0.0070260763,-0.003513038158416748,1.0
2025-02-05 15:30:00+00:00,0.957554,0.95981836,0.5,0.010748386,0.00537419319152832,1.0
2025-02-05 16:30:00+00:00,0.9536238,0.96742845,0.5,-0.0041044354,-0.002052217721939087,0.0
2025-02-05 17:30:00+00:00,0.9558123,0.96224904,-0.5,0.002294898,0.001147449016571045,0.0
2025-02-05 18:30:00+00:00,0.95514226,0.9611255,-0.5,-0.0007010102,0.00035050511360168457,1.0
2025-02-05 19:30:00+00:00,0.9536685,0.9593062,-0.5,-0.0015429854,0.0007714927196502686,1.0
2025-02-05 20:30:00+00:00,0.9612163,0.9645417,0.5,0.007914543,-0.003957271575927734,1.0
2025-02-06 14:30:00+00:00,0.9674688,0.97127813,0.5,0.006504774,0.003252387046813965,1.0
2025-02-06 15:30:00+00:00,0.9621094,0.9682733,-0.5,-0.005539596,-0.0027697980403900146,1.0
2025-02-06 16:30:00+00:00,0.9641192,0.97289366,0.5,0.0020889044,-0.00104445219039917,1.0
2025-02-06 17:30:00+00:00,0.94469154,0.9618759,-0.5,-0.020150661,-0.01007533073425293,1.0
2025-02-06 18:30:00+00:00,0.9334817,0.9441579,-0.5,-0.011866152,0.0059330761432647705,1.0
2025-02-06 19:30:00+00:00,0.9272737,0.93541384,-0.5,-0.0066503882,0.0033251941204071045,1.0
2025-02-06 20:30:00+00:00,0.9353127,0.9409146,0.5,0.008669496,-0.004334747791290283,1.0
2025-02-07 14:30:00+00:00,0.9228076,0.9335449,-0.5,-0.0133699775,-0.006684988737106323,1.0
2025-02-07 15:30:00+00:00,0.92370087,0.93077236,-0.5,0.00096797943,-0.0004839897155761719,0.0
2025-02-07 16:30:00+00:00,0.9378138,0.92741,-0.5,0.015278697,-0.00763934850692749,0.0
2025-02-07 17:30:00+00:00,0.9406721,0.9464525,0.5,0.003047824,-0.0015239119529724121,1.0
2025-02-07 18:30:00+00:00,0.9360345,0.9449537,-0.5,-0.004930079,-0.0024650394916534424,1.0
2025-02-07 19:30:00+00:00,0.9279883,0.9394305,-0.5,-0.008596063,0.004298031330108643,1.0
2025-02-07 20:30:00+00:00,0.9281223,0.9357512,-0.5,0.00014436245,-7.218122482299805e-05,0.0
2025-02-10 14:30:00+00:00,0.9300427,0.9368892,0.5,0.0020691156,-0.001034557819366455,1.0
2025-02-10 15:30:00+00:00,0.92106587,0.93228453,-0.5,-0.009652078,-0.00482603907585144,1.0
2025-02-10 16:30:00+00:00,0.92557657,0.9268297,-0.5,0.004897237,-0.0024486184120178223,0.0
2025-02-10 17:30:00+00:00,0.9713097,0.967413,0.5,0.049410462,-0.024705231189727783,1.0
2025-02-10 18:30:00+00:00,0.9832789,0.9867814,0.5,0.012322664,0.006161332130432129,1.0
2025-02-10 19:30:00+00:00,0.98265356,0.99052685,0.5,-0.00063592196,-0.0003179609775543213,0.0
2025-02-10 20:30:00+00:00,0.97377586,0.98055947,-0.5,-0.009034395,-0.004517197608947754,1.0
2025-02-11 14:30:00+00:00,0.97168577,0.9786961,-0.5,-0.0021463633,0.0010731816291809082,1.0
2025-02-11 15:30:00+00:00,0.9694339,0.9750731,-0.5,-0.0023174882,0.0011587440967559814,1.0
2025-02-11 16:30:00+00:00,0.95304316,0.97235316,-0.5,-0.016907513,0.00845375657081604,1.0
2025-02-11 17:30:00+00:00,0.9736428,0.97383356,0.5,0.02161467,-0.010807335376739502,1.0
2025-02-11 18:30:00+00:00,0.98694116,0.9899312,0.5,0.013658285,0.0068291425704956055,1.0
2025-02-11 19:30:00+00:00,0.988757,0.99678254,0.5,0.0018398762,0.0009199380874633789,1.0
2025-02-11 20:30:00+00:00,0.9905426,0.9974172,0.5,0.0018059015,0.0009029507637023926,1.0
2025-02-12 14:30:00+00:00,0.9971239,1.0006579,0.5,0.0066441298,0.0033220648765563965,1.0
2025-02-12 15:30:00+00:00,0.999357,1.004979,0.5,0.002239585,0.0011197924613952637,1.0
2025-02-12 16:30:00+00:00,1.003957,1.0065823,0.5,0.0046030283,0.002301514148712158,1.0
2025-02-12 17:30:00+00:00,1.0121835,1.0110227,0.5,0.008194089,0.004097044467926025,1.0
2025-02-12 18:30:00+00:00,1.0353565,1.0321295,0.5,0.022894025,0.011447012424468994,1.0
2025-02-12 19:30:00+00:00,1.0341024,1.0367237,0.5,-0.0012112856,-0.0006056427955627441,0.0
2025-02-12 20:30:00+00:00,1.0402665,1.0438133,0.5,0.005960822,0.0029804110527038574,1.0
2025-02-13 14:30:00+00:00,1.0466094,1.0468477,0.5,0.0060973167,0.0030486583709716797,1.0
2025-02-13 15:30:00+00:00,1.0447773,1.0460933,-0.5,-0.0017505288,-0.0008752644062042236,1.0
2025-02-13 16:30:00+00:00,1.0405346,1.0451847,-0.5,-0.004060805,0.002030402421951294,1.0
2025-02-13 17:30:00+00:00,1.0701003,1.0618633,0.5,0.028413892,-0.014206945896148682,1.0
2025-02-13 18:30:00+00:00,1.0661701,1.0664836,0.5,-0.0036727786,-0.0018363893032073975,0.0
2025-02-13 19:30:00+00:00,1.0651429,1.0671697,0.5,-0.0009634495,-0.00048172473907470703,0.0
2025-02-13 20:30:00+00:00,1.0665274,1.0664039,-0.5,0.0012998581,0.0006499290466308594,0.0
2025-02-14 14:30:00+00:00,1.0679555,1.0666391,0.5,0.001339078,-0.0006695389747619629,1.0
2025-02-14 15:30:00+00:00,1.0674206,1.0656872,-0.5,-0.00050085783,-0.0002504289150238037,1.0
2025-02-14 16:30:00+00:00,1.0659021,1.0690174,0.5,-0.001422584,0.000711292028427124,0.0
2025-02-14 17:30:00+00:00,1.0674206,1.0659496,-0.5,0.001424551,0.000712275505065918,0.0
2025-02-14 18:30:00+00:00,1.0731372,1.0671192,0.5,0.0053554773,-0.002677738666534424,1.0
2025-02-14 19:30:00+00:00,1.0707254,1.0667281,-0.5,-0.0022473335,-0.001123666763305664,1.0
2025-02-14 20:30:00+00:00,1.0616145,1.0564331,-0.5,-0.0085090995,0.004254549741744995,1.0
2025-02-18 14:30:00+00:00,1.058265,1.0487431,-0.5,-0.0031551123,0.0015775561332702637,1.0
2025-02-18 15:30:00+00:00,1.0625079,1.0541842,0.5,0.004009247,-0.0020046234130859375,1.0
2025-02-18 16:30:00+00:00,1.0721546,1.0618238,0.5,0.009079218,0.004539608955383301,1.0
2025-02-18 17:30:00+00:00,1.0660807,1.0560724,-0.5,-0.005665183,-0.0028325915336608887,1.0
2025-02-18 18:30:00+00:00,1.0701896,1.0613172,0.5,0.0038542747,-0.0019271373748779297,1.0
2025-02-18 19:30:00+00:00,1.0768888,1.0669016,0.5,0.006259799,0.003129899501800537,1.0
2025-02-18 20:30:00+00:00,1.0730925,1.0642791,-0.5,-0.003525257,-0.0017626285552978516,1.0
2025-02-19 14:30:00+00:00,1.0747449,1.0641149,-0.5,0.0015399456,-0.0007699728012084961,0.0
2025-02-19 15:30:00+00:00,1.0745664,1.0640345,-0.5,-0.00016617775,8.308887481689453e-05,1.0
2025-02-19 16:30:00+00:00,1.0753703,1.064895,0.5,0.0007481575,-0.00037407875061035156,1.0
2025-02-19 17:30:00+00:00,1.0733159,1.0682482,0.5,-0.0019104481,-0.0009552240371704102,0.0
2025-02-19 18:30:00+00:00,1.085687,1.0750955,0.5,0.011526108,0.005763053894042969,1.0
2025-02-19 19:30:00+00:00,1.0878754,1.0785028,0.5,0.0020155907,0.0010077953338623047,1.0
2025-02-19 20:30:00+00:00,1.0795684,1.0738701,-0.5,-0.007635951,-0.0038179755210876465,1.0
2025-02-20 14:30:00+00:00,1.0778713,1.0693613,-0.5,-0.0015720129,0.0007860064506530762,1.0
2025-02-20 15:30:00+00:00,1.0810869,1.0691642,-0.5,0.0029832125,-0.0014916062355041504,0.0
2025-02-20 16:30:00+00:00,1.0842578,1.0707265,0.5,0.0029331446,-0.0014665722846984863,1.0
2025-02-20 17:30:00+00:00,1.0825607,1.0753878,0.5,-0.0015652776,-0.0007826387882232666,0.0
2025-02-20 18:30:00+00:00,1.094798,1.0827973,0.5,0.011304021,0.005652010440826416,1.0
2025-02-20 19:30:00+00:00,1.096897,1.0871207,0.5,0.001917243,0.0009586215019226074,1.0
2025-02-20 20:30:00+00:00,1.0974784,1.0925558,0.5,0.0005300045,0.0002650022506713867,1.0
2025-02-21 14:30:00+00:00,1.0890813,1.0824922,-0.5,-0.0076512694,-0.003825634717941284,1.0
2025-02-21 15:30:00+00:00,1.082918,1.074872,-0.5,-0.0056591034,0.0028295516967773438,1.0
2025-02-21 16:30:00+00:00,1.0855978,1.0721606,-0.5,0.0024745464,-0.0012372732162475586,0.0
2025-02-21 17:30:00+00:00,1.1010952,1.0882719,0.5,0.014275551,-0.007137775421142578,1.0
2025-02-21 18:30:00+00:00,1.0945746,1.0861179,-0.5,-0.00592196,-0.00296097993850708,1.0
2025-02-21 19:30:00+00:00,1.1008272,1.0926522,0.5,0.00571239,-0.0028561949729919434,1.0
2025-02-21 20:30:00+00:00,1.1028816,1.0970783,0.5,0.0018662214,0.0009331107139587402,1.0
2025-02-24 14:30:00+00:00,1.1083302,1.0999745,0.5,0.0049403906,0.0024701952934265137,1.0
2025-02-24 15:30:00+00:00,1.0988173,1.0936152,-0.5,-0.008583069,-0.004291534423828125,1.0
2025-02-24 16:30:00+00:00,1.102435,1.0877218,-0.5,0.0032923222,-0.0016461610794067383,0.0
2025-02-24 17:30:00+00:00,1.0767995,1.0735599,-0.5,-0.0232535,0.011626750230789185,1.0
2025-02-24 18:30:00+00:00,1.0893493,1.0758575,0.5,0.011654735,-0.005827367305755615,1.0
2025-02-24 19:30:00+00:00,1.116548,1.0974537,0.5,0.02496779,0.01248389482498169,1.0
2025-02-24 20:30:00+00:00,1.102167,1.0957999,-0.5,-0.012879789,-0.006439894437789917,1.0
2025-02-25 14:30:00+00:00,1.0992193,1.091864,-0.5,-0.0026744604,0.0013372302055358887,1.0
2025-02-25 15:30:00+00:00,1.0999787,1.0908539,-0.5,0.00069081783,-0.00034540891647338867,0.0
2025-02-25 16:30:00+00:00,1.0696536,1.083562,-0.5,-0.027568758,0.01378437876701355,1.0
2025-02-25 17:30:00+00:00,1.0621952,1.0479001,-0.5,-0.0069727898,0.0034863948822021484,1.0
2025-02-25 18:30:00+00:00,1.0470551,1.0390869,-0.5,-0.014253557,0.0071267783641815186,1.0
2025-02-25 19:30:00+00:00,1.0590242,1.042348,0.5,0.011431217,-0.005715608596801758,1.0
2025-02-25 20:30:00+00:00,1.034014,1.0290259,-0.5,-0.023616314,-0.011808156967163086,1.0
2025-02-26 14:30:00+00:00,1.0292798,1.0165216,-0.5,-0.0045784116,0.00228920578956604,1.0
2025-02-26 15:30:00+00:00,1.0306199,1.0175358,0.5,0.0013018847,-0.000650942325592041,1.0
2025-02-26 16:30:00+00:00,1.0251265,1.0208226,0.5,-0.005330205,-0.002665102481842041,0.0
2025-02-26 17:30:00+00:00,1.0431249,1.0247177,0.5,0.017557263,0.008778631687164307,1.0
2025-02-26 18:30:00+00:00,1.0445541,1.0317568,0.5,0.0013700724,0.0006850361824035645,1.0
2025-02-26 19:30:00+00:00,1.0410678,1.0256274,-0.5,-0.003337562,-0.001668781042098999,1.0
2025-02-26 20:30:00+00:00,1.0482162,1.0353177,0.5,0.006866455,-0.0034332275390625,1.0
2025-02-27 14:30:00+00:00,1.0367384,1.0311402,-0.5,-0.01094985,-0.0054749250411987305,1.0
2025-02-27 15:30:00+00:00,1.0216428,1.0183591,-0.5,-0.01456064,0.007280319929122925,1.0
2025-02-27 16:30:00+00:00,1.0037336,1.0042669,-0.5,-0.017529786,0.008764892816543579,1.0
2025-02-27 17:30:00+00:00,1.009361,0.9955654,-0.5,0.005606413,-0.002803206443786621,0.0
2025-02-27 18:30:00+00:00,1.0030191,0.9977087,0.5,-0.0062831044,0.003141552209854126,0.0
2025-02-27 19:30:00+00:00,1.0103436,1.0006336,0.5,0.0073024035,0.0036512017250061035,1.0
2025-02-27 20:30:00+00:00,1.0077978,1.0031112,0.5,-0.0025196671,-0.001259833574295044,0.0
2025-02-28 14:30:00+00:00,1.0120407,1.0066,0.5,0.0042101145,0.0021050572395324707,1.0
2025-02-28 15:30:00+00:00,1.028208,1.0184817,0.5,0.01597488,0.007987439632415771,1.0
2025-02-28 16:30:00+00:00,1.0463583,1.0341443,0.5,0.017652392,0.008826196193695068,1.0
2025-02-28 17:30:00+00:00,1.0443754,1.0371736,0.5,-0.0018950701,-0.0009475350379943848,0.0
2025-02-28 18:30:00+00:00,1.0419637,1.0371989,0.5,-0.0023092628,-0.0011546313762664795,0.0
2025-02-28 19:30:00+00:00,1.0536648,1.0427986,0.5,0.011229873,0.005614936351776123,1.0
2025-02-28 20:30:00+00:00,1.0400879,1.0351821,-0.5,-0.012885392,-0.00644269585609436,1.0
2025-03-03 14:30:00+00:00,1.0413384,1.0346047,-0.5,0.0012023449,-0.0006011724472045898,0.0
2025-03-03 15:30:00+00:00,1.0031085,1.0078223,-0.5,-0.03671229,0.018356144428253174,1.0
2025-03-03 16:30:00+00:00,1.0104775,1.0042256,-0.5,0.0073461533,-0.003673076629638672,0.0
2025-03-03 17:30:00+00:00,1.0166854,1.0046175,0.5,0.0061434507,-0.003071725368499756,1.0
2025-03-03 18:30:00+00:00,1.0183825,1.0121537,0.5,0.0016692877,0.0008346438407897949,1.0
2025-03-03 19:30:00+00:00,1.0140951,1.01067,-0.5,-0.0042101145,-0.0021050572395324707,1.0
2025-03-03 20:30:00+00:00,1.0019473,0.99917185,-0.5,-0.011978924,0.00598946213722229,1.0
2025-03-04 14:30:00+00:00,1.0157028,1.0038359,0.5,0.013728857,-0.006864428520202637,1.0
2025-03-04 15:30:00+00:00,1.0191864,1.0096538,0.5,0.0034296513,0.0017148256301879883,1.0
2025-03-04 16:30:00+00:00,0.99073726,0.99231577,-0.5,-0.02791357,-0.013956785202026367,1.0
2025-03-04 17:30:00+00:00,0.95005095,0.95689195,-0.5,-0.041066706,0.020533353090286255,1.0
2025-03-04 18:30:00+00:00,0.94719255,0.9449745,-0.5,-0.0030086637,0.0015043318271636963,1.0
2025-03-04 19:30:00+00:00,0.98220694,0.96044713,0.5,0.036966443,-0.018483221530914307,1.0
2025-03-04 20:30:00+00:00,0.9833262,0.9761709,0.5,0.0011395216,0.000569760799407959,1.0
2025-03-05 14:30:00+00:00,0.99346167,0.9846502,0.5,0.010307312,0.005153656005859375,1.0
2025-03-05 15:30:00+00:00,0.99533737,0.99060315,0.5,0.0018880367,0.0009440183639526367,1.0
2025-03-05 16:30:00+00:00,0.98126906,0.9871634,-0.5,-0.014134228,-0.0070671141147613525,1.0
2025-03-05 17:30:00+00:00,0.9994462,0.98797655,0.5,0.01852417,-0.0092620849609375,1.0
2025-03-05 18:30:00+00:00,1.001858,0.9967984,0.5,0.0024131536,0.0012065768241882324,1.0
2025-03-05 19:30:00+00:00,0.98095644,0.98410666,-0.5,-0.020862818,-0.010431408882141113,1.0
2025-03-05 20:30:00+00:00,0.98010784,0.9783106,-0.5,-0.0008650422,0.00043252110481262207,1.0
2025-03-06 14:30:00+00:00,0.97430193,0.97139776,-0.5,-0.005923748,0.002961874008178711,1.0
2025-03-06 15:30:00+00:00,0.9878343,0.97875494,0.5,0.013889313,-0.0069446563720703125,1.0
2025-03-06 16:30:00+00:00,0.98725367,0.9844569,0.5,-0.0005877614,-0.0002938807010650635,0.0
2025-03-06 17:30:00+00:00,1.0159262,1.0102499,0.5,0.02904272,0.014521360397338867,1.0
2025-03-06 18:30:00+00:00,1.022402,1.0179375,0.5,0.00637424,0.003187119960784912,1.0
2025-03-06 19:30:00+00:00,1.0243671,1.0186304,0.5,0.0019220114,0.000961005687713623,1.0
2025-03-06 20:30:00+00:00,1.0347732,1.0290083,0.5,0.010158658,0.005079329013824463,1.0
2025-03-07 14:30:00+00:00,1.0279846,1.0249966,-0.5,-0.0065605044,-0.00328025221824646,1.0
2025-03-07 15:30:00+00:00,1.0202584,1.018624,-0.5,-0.0075158477,0.0037579238414764404,1.0
2025-03-07 16:30:00+00:00,0.99060327,1.0184768,-0.5,-0.029066324,0.014533162117004395,1.0
2025-03-07 17:30:00+00:00,0.9287475,0.945858,-0.5,-0.06244254,0.03122127056121826,1.0
2025-03-07 18:30:00+00:00,0.91065973,0.9118602,-0.5,-0.0194754,0.00973770022392273,1.0
2025-03-07 19:30:00+00:00,0.9018168,0.90004754,-0.5,-0.009710491,0.004855245351791382,1.0
2025-03-07 20:30:00+00:00,0.8991372,0.8978362,-0.5,-0.0029712915,0.0014856457710266113,1.0
2025-03-10 13:30:00+00:00,0.91119564,0.9052368,0.5,0.013411164,-0.006705582141876221,1.0
2025-03-10 14:30:00+00:00,0.91476864,0.9066557,0.5,0.0039212704,0.0019606351852416992,1.0
2025-03-10 15:30:00+00:00,0.88627476,0.91464734,0.5,-0.031148732,-0.015574365854263306,0.0
2025-03-10 16:30:00+00:00,0.8745735,0.87494385,-0.5,-0.013202727,-0.00660136342048645,1.0
2025-03-10 17:30:00+00:00,0.8610858,0.8645974,-0.5,-0.015422106,0.007711052894592285,1.0
2025-03-10 18:30:00+00:00,0.8392911,0.84922755,-0.5,-0.025310695,0.0126553475856781,1.0
2025-03-10 19:30:00+00:00,0.832056,0.83753175,-0.5,-0.008620501,0.004310250282287598,1.0
2025-03-11 13:30:00+00:00,0.85724497,0.85047895,0.5,0.0302732,-0.01513659954071045,1.0
2025-03-11 14:30:00+00:00,0.868589,0.8650169,0.5,0.013233066,0.006616532802581787,1.0
2025-03-11 15:30:00+00:00,0.85393995,0.8625051,-0.5,-0.016865313,-0.008432656526565552,1.0
2025-03-11 16:30:00+00:00,0.8429533,0.8518912,-0.5,-0.012865782,0.006432890892028809,1.0
2025-03-11 17:30:00+00:00,0.82080144,0.8312168,-0.5,-0.026278913,0.013139456510543823,1.0
2025-03-11 18:30:00+00:00,0.8384426,0.83797747,0.5,0.0214926,-0.010746300220489502,1.0
2025-03-11 19:30:00+00:00,0.835629,0.8417076,0.5,-0.003355801,-0.0016779005527496338,0.0
2025-03-12 13:30:00+00:00,0.8176751,0.83095545,-0.5,-0.021485448,-0.010742723941802979,1.0
2025-03-12 14:30:00+00:00,0.8134769,0.82442266,-0.5,-0.0051342845,0.0025671422481536865,1.0
2025-03-12 15:30:00+00:00,0.81606734,0.8300539,0.5,0.0031843185,-0.0015921592712402344,1.0
2025-03-12 16:30:00+00:00,0.8014185,0.82000446,-0.5,-0.017950535,-0.00897526741027832,1.0
2025-03-12 17:30:00+00:00,0.7991407,0.81248647,-0.5,-0.0028421879,0.0014210939407348633,1.0
2025-03-12 18:30:00+00:00,0.78028303,0.7999698,-0.5,-0.02359742,0.011798709630966187,1.0
2025-03-12 19:30:00+00:00,0.7731926,0.7915633,-0.5,-0.009087026,0.004543513059616089,1.0
2025-03-13 13:30:00+00:00,0.7834289,0.7914556,-0.5,0.013239026,-0.006619513034820557,0.0
2025-03-13 14:30:00+00:00,0.7689944,0.7869021,-0.5,-0.018424809,0.009212404489517212,1.0
2025-03-13 15:30:00+00:00,0.7741751,0.77672505,-0.5,0.006736994,-0.0033684968948364258,0.0
2025-03-13 16:30:00+00:00,0.7664041,0.7819607,0.5,-0.01003778,0.005018889904022217,0.0
2025-03-13 17:30:00+00:00,0.780249,0.7918997,0.5,0.018064737,0.009032368659973145,1.0
2025-03-13 18:30:00+00:00,0.7829734,0.7950058,0.5,0.0034917593,0.0017458796501159668,1.0
2025-03-13 19:30:00+00:00,0.78357714,0.7981965,0.5,0.0007710457,0.00038552284240722656,1.0
2025-03-14 13:30:00+00:00,0.7741751,0.7901943,-0.5,-0.011998892,-0.005999445915222168,1.0
2025-03-14 14:30:00+00:00,0.78886515,0.7975838,0.5,0.018975139,-0.009487569332122803,1.0
2025-03-14 15:30:00+00:00,0.79302216,0.8015129,0.5,0.0052696466,0.0026348233222961426,1.0
2025-03-14 16:30:00+00:00,0.79181635,0.80578476,0.5,-0.0015205145,-0.0007602572441101074,0.0
2025-03-14 17:30:00+00:00,0.7697537,0.7887753,-0.5,-0.027863383,-0.013931691646575928,1.0
2025-03-14 18:30:00+00:00,0.7738179,0.78724605,-0.5,0.0052798986,-0.002639949321746826,0.0
2025-03-14 19:30:00+00:00,0.7840452,0.7935901,0.5,0.013216734,-0.006608366966247559,1.0
2025-03-17 13:30:00+00:00,0.8027583,0.80714643,0.5,0.023867369,0.011933684349060059,1.0
2025-03-17 14:30:00+00:00,0.8048126,0.81581116,0.5,0.0025590658,0.0012795329093933105,1.0
2025-03-17 15:30:00+00:00,0.7999893,0.8136433,-0.5,-0.005993128,-0.0029965639114379883,1.0
2025-03-17 16:30:00+00:00,0.8036515,0.8134161,-0.5,0.004577875,-0.0022889375686645508,0.0
2025-03-17 17:30:00+00:00,0.7920396,0.8054956,-0.5,-0.014449,0.0072245001792907715,1.0
2025-03-17 18:30:00+00:00,0.7960591,0.8060602,0.5,0.0050748587,-0.0025374293327331543,1.0
2025-03-17 19:30:00+00:00,0.783554,0.79728186,-0.5,-0.015708685,-0.007854342460632324,1.0
2025-03-18 13:30:00+00:00,0.7808743,0.79433024,-0.5,-0.0034199357,0.001709967851638794,1.0
2025-03-18 14:30:00+00:00,0.78395593,0.7926898,-0.5,0.0039464235,-0.0019732117652893066,0.0
2025-03-18 15:30:00+00:00,0.8007039,0.7981651,0.5,0.021363378,-0.010681688785552979,1.0
2025-03-18 16:30:00+00:00,0.82741135,0.8309802,0.5,0.033354998,0.016677498817443848,1.0
2025-03-18 17:30:00+00:00,0.8138343,0.83032364,-0.5,-0.01640904,-0.008204519748687744,1.0
2025-03-18 18:30:00+00:00,0.8102613,0.82281834,-0.5,-0.0043902993,0.0021951496601104736,1.0
2025-03-18 19:30:00+00:00,0.8022402,0.8130858,-0.5,-0.009899437,0.004949718713760376,1.0
2025-03-19 13:30:00+00:00,0.8011505,0.8085063,-0.5,-0.0013583302,0.0006791651248931885,1.0
2025-03-19 14:30:00+00:00,0.8121371,0.8195245,0.5,0.013713598,-0.006856799125671387,1.0
2025-03-19 15:30:00+00:00,0.7986495,0.819991,0.5,-0.016607583,-0.008303791284561157,0.0
2025-03-19 16:30:00+00:00,0.82535684,0.8270993,0.5,0.03344059,0.016720294952392578,1.0
2025-03-19 17:30:00+00:00,0.81571,0.8288543,0.5,-0.011688054,-0.005844026803970337,0.0
2025-03-19 18:30:00+00:00,0.7999893,0.81440187,-0.5,-0.019272447,-0.009636223316192627,1.0
2025-03-19 19:30:00+00:00,0.79212886,0.8048066,-0.5,-0.009825647,0.004912823438644409,1.0
2025-03-20 13:30:00+00:00,0.78775215,0.79887664,-0.5,-0.0055252314,0.00276261568069458,1.0
2025-03-20 14:30:00+00:00,0.78703755,0.7959345,-0.5,-0.0009071231,0.00045356154441833496,1.0
2025-03-20 15:30:00+00:00,0.7765421,0.80444413,0.5,-0.013335347,0.006667673587799072,0.0
2025-03-20 16:30:00+00:00,0.7961485,0.7909897,-0.5,0.02524829,0.012624144554138184,0.0
2025-03-20 17:30:00+00:00,0.79373676,0.8013063,0.5,-0.0030292273,0.0015146136283874512,0.0
2025-03-20 18:30:00+00:00,0.8047234,0.8080583,0.5,0.013841629,0.006920814514160156,1.0
2025-03-20 19:30:00+00:00,0.8041875,0.8115089,0.5,-0.0006659627,-0.0003329813480377197,0.0
2025-03-21 13:30:00+00:00,0.8047234,0.8097652,-0.5,0.0006663799,0.0003331899642944336,0.0
2025-03-21 14:30:00+00:00,0.81044,0.81100506,0.5,0.007103801,-0.0035519003868103027,1.0
2025-03-21 15:30:00+00:00,0.86126447,0.83468175,0.5,0.06271219,0.031356096267700195,1.0
2025-03-21 16:30:00+00:00,0.85063505,0.85344493,0.5,-0.012341619,-0.006170809268951416,0.0
2025-03-21 17:30:00+00:00,0.84478444,0.85397744,0.5,-0.006877959,-0.003438979387283325,0.0
2025-03-21 18:30:00+00:00,0.84353393,0.85231555,-0.5,-0.0014802814,-0.0007401406764984131,1.0
2025-03-21 19:30:00+00:00,0.84625834,0.851702,-0.5,0.0032297373,-0.0016148686408996582,0.0
2025-03-24 13:30:00+00:00,0.8503224,0.85437924,0.5,0.0048024654,-0.0024012327194213867,1.0
2025-03-24 14:30:00+00:00,0.8504564,0.8559359,0.5,0.00015759468,7.87973403930664e-05,1.0
2025-03-24 15:30:00+00:00,0.85956734,0.8596388,0.5,0.010712981,0.005356490612030029,1.0
2025-03-24 16:30:00+00:00,0.88252324,0.88084024,0.5,0.026706338,0.013353168964385986,1.0
2025-03-24 17:30:00+00:00,0.8839523,0.89060426,0.5,0.001619339,0.0008096694946289062,1.0
2025-03-24 18:30:00+00:00,0.8800222,0.8893367,-0.5,-0.0044460297,-0.0022230148315429688,1.0
2025-03-24 19:30:00+00:00,0.8775836,0.8837322,-0.5,-0.0027710795,0.0013855397701263428,1.0
2025-03-25 13:30:00+00:00,0.88359505,0.8884426,0.5,0.006850004,-0.003425002098083496,1.0
2025-03-25 14:30:00+00:00,0.8827912,0.8896519,0.5,-0.0009097457,-0.00045487284660339355,0.0
2025-03-25 15:30:00+00:00,0.88368434,0.89177656,0.5,0.0010117292,0.0005058646202087402,1.0
2025-03-25 16:30:00+00:00,0.88882047,0.89565766,0.5,0.005812168,0.0029060840606689453,1.0
2025-03-25 17:30:00+00:00,0.885561,0.8962258,0.5,-0.0036671758,-0.001833587884902954,0.0
2025-03-25 18:30:00+00:00,0.88515824,0.894044,-0.5,-0.00045478344,-0.00022739171981811523,1.0
2025-03-25 19:30:00+00:00,0.8709113,0.8812239,-0.5,-0.01609534,0.008047670125961304,1.0
2025-03-26 13:30:00+00:00,0.8685443,0.8756727,-0.5,-0.0027178526,0.0013589262962341309,1.0
2025-03-26 14:30:00+00:00,0.8578256,0.866743,-0.5,-0.0123410225,0.006170511245727539,1.0
2025-03-26 15:30:00+00:00,0.8642121,0.87017894,0.5,0.0074449778,-0.0037224888801574707,1.0
2025-03-26 16:30:00+00:00,0.8670704,0.86685103,-0.5,0.0033073425,0.0016536712646484375,0.0
2025-03-26 17:30:00+00:00,0.8773425,0.8826506,0.5,0.0118469,-0.005923449993133545,1.0
2025-03-26 18:30:00+00:00,0.8807367,0.8892481,0.5,0.003868699,0.001934349536895752,1.0
2025-03-26 19:30:00+00:00,0.87984353,0.8906758,0.5,-0.0010141134,-0.000507056713104248,0.0
2025-03-27 13:30:00+00:00,0.89118755,0.8972349,0.5,0.0128932,0.0064465999603271484,1.0
2025-03-27 14:30:00+00:00,0.895207,0.90332603,0.5,0.0045101643,0.002255082130432129,1.0
2025-03-27 15:30:00+00:00,0.8670615,0.898697,-0.5,-0.0314402,-0.015720099210739136,1.0
2025-03-27 16:30:00+00:00,0.85134965,0.86742455,-0.5,-0.018120766,0.009060382843017578,1.0
2025-03-27 17:30:00+00:00,0.8513595,0.8603651,-0.5,1.1563301e-05,-5.781650543212891e-06,0.0
2025-03-27 18:30:00+00:00,0.8404523,0.85256785,-0.5,-0.012811482,0.006405740976333618,1.0
2025-03-27 19:30:00+00:00,0.8389339,0.8504245,-0.5,-0.0018066764,0.0009033381938934326,1.0
2025-03-28 13:30:00+00:00,0.8437572,0.85288274,0.5,0.005749345,-0.0028746724128723145,1.0
2025-03-28 14:30:00+00:00,0.8389339,0.8520421,-0.5,-0.0057165027,-0.0028582513332366943,1.0
2025-03-28 15:30:00+00:00,0.8275006,0.84460914,-0.5,-0.013628364,0.006814181804656982,1.0
2025-03-28 16:30:00+00:00,0.8399164,0.8434073,-0.5,0.015004039,-0.00750201940536499,0.0
2025-03-28 17:30:00+00:00,0.84429324,0.85221535,0.5,0.0052109957,-0.0026054978370666504,1.0
2025-03-28 18:30:00+00:00,0.8603712,0.8668576,0.5,0.019043088,0.009521543979644775,1.0
2025-03-28 19:30:00+00:00,0.85099244,0.86510336,-0.5,-0.010900795,-0.005450397729873657,1.0
2025-03-31 13:30:00+00:00,0.85947806,0.8664467,0.5,0.00997138,-0.004985690116882324,1.0
2025-03-31 14:30:00+00:00,0.8631403,0.87179226,0.5,0.004261017,0.0021305084228515625,1.0
2025-03-31 15:30:00+00:00,0.85059035,0.88104045,0.5,-0.014539838,-0.007269918918609619,0.0
2025-03-31 16:30:00+00:00,0.8656413,0.87852144,-0.5,0.017694712,0.008847355842590332,0.0
2025-03-31 17:30:00+00:00,0.87792313,0.88497746,0.5,0.01418817,-0.007094085216522217,1.0
2025-03-31 18:30:00+00:00,0.875154,0.8874066,0.5,-0.0031541586,-0.0015770792961120605,0.0
2025-03-31 19:30:00+00:00,0.8728764,0.8844297,-0.5,-0.0026025176,-0.0013012588024139404,1.0
2025-04-01 13:30:00+00:00,0.8656413,0.87701714,-0.5,-0.008288801,0.004144400358200073,1.0
2025-04-01 14:30:00+00:00,0.8676064,0.87679577,-0.5,0.0022701025,-0.0011350512504577637,0.0
2025-04-01 15:30:00+00:00,0.8629616,0.88575315,0.5,-0.00535357,0.0026767849922180176,0.0
2025-04-01 16:30:00+00:00,0.88823986,0.8908292,0.5,0.029292464,0.01464623212814331,1.0
2025-04-01 17:30:00+00:00,0.89208066,0.8991231,0.5,0.0043240786,0.002162039279937744,1.0
2025-04-01 18:30:00+00:00,0.88922244,0.89704514,-0.5,-0.003203988,-0.0016019940376281738,1.0
2025-04-01 19:30:00+00:00,0.8944924,0.9033612,0.5,0.00592649,-0.002963244915008545,1.0
2025-04-02 13:30:00+00:00,0.87841433,0.8905492,-0.5,-0.017974496,-0.008987247943878174,1.0
2025-04-02 14:30:00+00:00,0.88511354,0.8926077,0.5,0.0076265335,-0.0038132667541503906,1.0
2025-04-02 15:30:00+00:00,0.72299343,0.8947183,0.5,-0.18316305,-0.09158152341842651,0.0
2025-04-02 16:30:00+00:00,0.72402054,0.746535,-0.5,0.0014206171,0.0007103085517883301,0.0
2025-04-02 17:30:00+00:00,0.709863,0.72749174,-0.5,-0.019554079,0.009777039289474487,1.0
2025-04-02 18:30:00+00:00,0.72817415,0.73941064,0.5,0.02579534,-0.012897670269012451,1.0
2025-04-02 19:30:00+00:00,0.7093271,0.73534304,-0.5,-0.025882602,-0.012941300868988037,1.0
2025-04-03 13:30:00+00:00,0.70033056,0.72293603,-0.5,-0.012683213,0.006341606378555298,1.0
2025-04-03 14:30:00+00:00,0.69333833,0.7138554,-0.5,-0.009984195,0.004992097616195679,1.0
2025-04-03 15:30:00+00:00,0.6194241,0.7125026,-0.5,-0.106606305,0.053303152322769165,1.0
2025-04-03 16:30:00+00:00,0.6316612,0.65819466,-0.5,0.019755602,-0.009877800941467285,0.0
2025-04-03 17:30:00+00:00,0.62424743,0.64472735,-0.5,-0.011736929,0.005868464708328247,1.0
2025-04-03 18:30:00+00:00,0.6091966,0.6413747,-0.5,-0.024110377,0.012055188417434692,1.0
2025-04-03 19:30:00+00:00,0.59311855,0.6268077,-0.5,-0.026392221,0.013196110725402832,1.0
2025-04-04 13:30:00+00:00,0.5745395,0.6082406,-0.5,-0.031324387,0.015662193298339844,1.0
2025-04-04 14:30:00+00:00,0.5862408,0.6031005,-0.5,0.02036643,-0.010183215141296387,0.0
2025-04-04 15:30:00+00:00,0.4682459,0.59894735,-0.5,-0.2012738,0.10063689947128296,1.0
2025-04-04 16:30:00+00:00,0.5100487,0.54692405,-0.5,0.08927536,-0.04463768005371094,0.0
2025-04-04 17:30:00+00:00,0.4629759,0.51189995,-0.5,-0.09229082,0.04614540934562683,1.0
2025-04-04 18:30:00+00:00,0.4780714,0.50713456,-0.5,0.03260541,-0.01630270481109619,0.0
2025-04-04 19:30:00+00:00,0.5089322,0.5249366,0.5,0.064552665,-0.03227633237838745,1.0
2025-04-07 13:30:00+00:00,0.49807954,0.52731895,0.5,-0.021324337,-0.010662168264389038,0.0
2025-04-07 14:30:00+00:00,0.48110834,0.51636255,-0.5,-0.034073293,-0.017036646604537964,1.0
2025-04-07 15:30:00+00:00,0.5551565,0.5251578,0.5,0.15391171,-0.07695585489273071,1.0
2025-04-07 16:30:00+00:00,0.5782912,0.5820494,0.5,0.04167235,0.020836174488067627,1.0
2025-04-07 17:30:00+00:00,0.53139687,0.56485003,-0.5,-0.081091166,-0.04054558277130127,1.0
2025-04-07 18:30:00+00:00,0.5246977,0.5460302,-0.5,-0.01260668,0.006303340196609497,1.0
2025-04-07 19:30:00+00:00,0.4505601,0.5021371,-0.5,-0.14129591,0.0706479549407959,1.0
2025-04-08 13:30:00+00:00,0.45317,0.48557115,-0.5,0.005792618,-0.0028963088989257812,0.0
2025-04-08 14:30:00+00:00,0.43135568,0.4693932,-0.5,-0.048137188,0.024068593978881836,1.0
2025-04-08 15:30:00+00:00,0.42518356,0.4576847,-0.5,-0.014308631,0.007154315710067749,1.0
2025-04-08 16:30:00+00:00,0.48173353,0.48966834,0.5,0.13300133,-0.06650066375732422,1.0
2025-04-08 17:30:00+00:00,0.49280953,0.51350623,0.5,0.022992015,0.011496007442474365,1.0
2025-04-08 18:30:00+00:00,0.49129012,0.51475793,0.5,-0.0030831695,-0.0015415847301483154,0.0
2025-04-08 19:30:00+00:00,0.57105595,0.5655738,0.5,0.16235995,0.08117997646331787,1.0
2025-04-09 13:30:00+00:00,0.5914214,0.5998491,0.5,0.03566289,0.01783144474029541,1.0
2025-04-09 14:30:00+00:00,0.63795847,0.6251506,0.5,0.078686714,0.03934335708618164,1.0
2025-04-09 15:30:00+00:00,0.5769065,0.65883684,0.5,-0.09569895,-0.04784947633743286,0.0
2025-04-09 16:30:00+00:00,0.6041946,0.61341584,-0.5,0.047300696,0.02365034818649292,0.0
2025-04-09 17:30:00+00:00,0.57413757,0.59501374,-0.5,-0.04974723,0.02487361431121826,1.0
2025-04-09 18:30:00+00:00,0.53313863,0.55951196,-0.5,-0.07140958,0.03570479154586792,1.0
2025-04-09 19:30:00+00:00,0.56623256,0.57185906,0.5,0.062073827,-0.03103691339492798,1.0
2025-04-10 13:30:00+00:00,0.59999645,0.5957693,0.5,0.059628963,0.029814481735229492,1.0
2025-04-10 14:30:00+00:00,0.584365,0.6014405,0.5,-0.026052535,-0.013026267290115356,0.0
2025-04-10 15:30:00+00:00,0.5502438,0.5987426,-0.5,-0.05839026,-0.029195129871368408,1.0
2025-04-10 16:30:00+00:00,0.5838291,0.59229636,-0.5,0.061037183,-0.03051859140396118,0.0
2025-04-10 17:30:00+00:00,0.613752,0.61514145,0.5,0.051252842,-0.025626420974731445,1.0
2025-04-10 18:30:00+00:00,0.6363507,0.6405433,0.5,0.03682053,0.01841026544570923,1.0
2025-04-10 19:30:00+00:00,0.64557314,0.65186656,0.5,0.01449275,0.00724637508392334,1.0
2025-04-11 13:30:00+00:00,0.6522501,0.6574553,0.5,0.010342717,0.005171358585357666,1.0
2025-04-11 14:30:00+00:00,0.65894926,0.66025454,0.5,0.010270834,0.0051354169845581055,1.0
2025-04-11 15:30:00+00:00,0.7758723,0.6617022,0.5,0.17743862,0.08871930837631226,1.0
2025-04-11 16:30:00+00:00,0.7165622,0.74291146,0.5,-0.076443076,-0.038221538066864014,0.0
2025-04-11 17:30:00+00:00,0.70629,0.7251964,-0.5,-0.014335394,-0.007167696952819824,1.0
2025-04-11 18:30:00+00:00,0.68914014,0.7087047,-0.5,-0.024281621,0.012140810489654541,1.0
2025-04-11 19:30:00+00:00,0.7083891,0.7122596,0.5,0.02793181,-0.013965904712677002,1.0
2025-04-14 13:30:00+00:00,0.72540504,0.72704864,0.5,0.024020553,0.012010276317596436,1.0
2025-04-14 14:30:00+00:00,0.72477984,0.7374723,0.5,-0.00086188316,-0.0004309415817260742,0.0
2025-04-14 15:30:00+00:00,0.69025666,0.7179615,-0.5,-0.047632635,-0.023816317319869995,1.0
2025-04-14 16:30:00+00:00,0.6807438,0.70064235,-0.5,-0.013781607,0.006890803575515747,1.0
2025-04-14 17:30:00+00:00,0.6928024,0.7026362,0.5,0.017713904,-0.00885695219039917,1.0
2025-04-14 18:30:00+00:00,0.7009308,0.71325195,0.5,0.011732578,0.005866289138793945,1.0
2025-04-14 19:30:00+00:00,0.68784505,0.71038723,-0.5,-0.018669069,-0.009334534406661987,1.0
2025-04-15 13:30:00+00:00,0.68900615,0.7080959,-0.5,0.0016880035,-0.0008440017700195312,0.0
2025-04-15 14:30:00+00:00,0.69896567,0.71307206,0.5,0.014454961,-0.007227480411529541,1.0
2025-04-15 15:30:00+00:00,0.65903854,0.7124747,-0.5,-0.057123184,-0.02856159210205078,1.0
2025-04-15 16:30:00+00:00,0.6474266,0.6702513,-0.5,-0.01761949,0.00880974531173706,1.0
2025-04-15 17:30:00+00:00,0.65917253,0.6736504,0.5,0.018142462,-0.0090712308883667,1.0
2025-04-15 18:30:00+00:00,0.6460868,0.6670506,-0.5,-0.019851744,-0.009925872087478638,1.0
2025-04-15 19:30:00+00:00,0.65367913,0.6642325,-0.5,0.011751294,-0.005875647068023682,0.0
2025-04-16 13:30:00+00:00,0.6249173,0.64263654,-0.5,-0.04399991,0.02199995517730713,1.0
2025-04-16 14:30:00+00:00,0.6074102,0.6250318,-0.5,-0.028015137,0.014007568359375,1.0
2025-04-16 15:30:00+00:00,0.6482305,0.6307938,0.5,0.06720388,-0.03360193967819214,1.0
2025-04-16 16:30:00+00:00,0.6351895,0.6452414,0.5,-0.020117879,-0.010058939456939697,0.0
2025-04-16 17:30:00+00:00,0.6382264,0.64526606,0.5,0.004781127,0.002390563488006592,1.0
2025-04-16 18:30:00+00:00,0.65426874,0.6561988,0.5,0.025135875,0.01256793737411499,1.0
2025-04-16 19:30:00+00:00,0.6443004,0.6573833,0.5,-0.015235841,-0.007617920637130737,0.0
2025-04-17 13:30:00+00:00,0.65841323,0.66350174,0.5,0.02190411,0.01095205545425415,1.0
2025-04-17 14:30:00+00:00,0.6491237,0.66065544,-0.5,-0.014108896,-0.007054448127746582,1.0
2025-04-17 15:30:00+00:00,0.6491237,0.6573246,-0.5,0.0,-0.0,1.0
